,Date,T_max,T_min,T_avg,Rain
0,2015-1-1,-1.1,-6.1,-3.6,0.0
1,2015-1-2,2.1,-1.8,0.15,0.4
2,2015-1-3,6.9,4.4,5.65,4.5
3,2015-1-4,5.6,1.1,3.35,0.4
4,2015-1-5,3.8,1.0,2.4,0.4
5,2015-1-6,3.6,-0.1,1.75,0.0
6,2015-1-7,0.3,-6.6,-3.15,0.0
7,2015-1-8,-1.9,-4.6,-3.25,0.7
8,2015-1-9,8.2,-2.4,2.9,2.7
9,2015-1-10,17.0,5.7,11.35,3.6
10,2015-1-11,16.8,5.1,10.95,0.8
11,2015-1-12,8.3,2.9,5.6,0.0
12,2015-1-13,9.4,0.8,5.1,0.0
13,2015-1-14,5.6,-0.5,2.55,0.0
14,2015-1-15,10.9,3.3,7.1,0.0
15,2015-1-16,6.8,3.8,5.3,0.0
16,2015-1-17,6.9,2.3,4.6,0.0
17,2015-1-18,6.9,5.0,5.95,0.0
18,2015-1-19,6.8,3.9,5.35,0.0
19,2015-1-20,7.9,4.6,6.25,1.3
20,2015-1-21,7.1,4.8,5.95,0.9
21,2015-1-22,8.3,6.4,7.35,0.4
22,2015-1-23,8.9,6.6,7.75,15.5
23,2015-1-24,6.9,3.3,5.1,11.5
24,2015-1-25,3.2,0.6,1.9,2.8
25,2015-1-26,4.3,0.9,2.6,0.0
26,2015-1-27,3.5,-3.1,0.2,0.0
27,2015-1-28,7.4,-1.6,2.9,0.0
28,2015-1-29,1.5,-1.2,0.15,7.7
29,2015-1-30,5.9,0.5,3.2,9.9
30,2015-1-31,6.4,1.1,3.75,0.0
31,2015-2-1,3.6,-1.1,1.25,0.0
32,2015-2-2,5.8,1.8,3.8,0.0
33,2015-2-3,5.6,-1.1,2.25,1.3
34,2015-2-4,2.8,1.2,2.0,0.0
35,2015-2-5,5.4,-0.7,2.35,0.0
36,2015-2-6,4.8,0.4,2.6,0.0
37,2015-2-7,5.0,-0.5,2.25,0.0
38,2015-2-8,4.3,-2.5,0.9,0.0
39,2015-2-9,1.6,-2.7,-0.55,0.3
40,2015-2-10,7.3,1.6,4.45,0.0
41,2015-2-11,11.3,1.0,6.15,0.0
42,2015-2-12,8.9,4.1,6.5,0.0
43,2015-2-13,9.8,-0.7,4.55,0.0
44,2015-2-14,10.3,0.3,5.3,0.0
45,2015-2-15,11.8,1.2,6.5,0.0
46,2015-2-16,10.4,0.2,5.3,0.0
47,2015-2-17,4.5,-0.6,1.95,0.0
48,2015-2-18,8.5,-3.1,2.7,0.0
49,2015-2-19,6.4,-0.1,3.15,0.0
50,2015-2-20,10.4,-1.9,4.25,0.0
51,2015-2-21,11.9,1.1,6.5,0.0
52,2015-2-22,10.4,3.8,7.1,0.9
53,2015-2-23,9.2,6.7,7.95,0.9
54,2015-2-24,9.6,7.4,8.5,0.0
55,2015-2-25,11.8,6.6,9.2,5.4
56,2015-2-26,7.4,5.6,6.5,5.4
57,2015-2-27,7.9,4.8,6.35,0.9
58,2015-2-28,9.6,5.8,7.7,0.0
59,2015-3-1,9.5,5.8,7.65,0.1
60,2015-3-2,12.2,4.2,8.2,0.4
61,2015-3-3,9.5,4.7,7.1,0.0
62,2015-3-4,12.3,1.4,6.85,0.0
63,2015-3-5,9.3,3.2,6.25,0.0
64,2015-3-6,9.8,1.9,5.85,0.0
65,2015-3-7,12.0,0.4,6.2,0.0
66,2015-3-8,13.2,0.4,6.8,0.0
67,2015-3-9,13.6,0.9,7.25,0.0
68,2015-3-10,16.9,2.6,9.75,0.0
69,2015-3-11,13.9,5.7,9.8,0.3
70,2015-3-12,9.2,5.0,7.1,0.4
71,2015-3-13,9.4,5.1,7.25,0.4
72,2015-3-14,8.1,5.0,6.55,0.0
73,2015-3-15,14.1,5.8,9.95,0.0
74,2015-3-16,15.6,7.9,11.75,0.0
75,2015-3-17,16.5,6.3,11.4,0.0
76,2015-3-18,13.7,5.1,9.4,0.0
77,2015-3-19,13.1,3.4,8.25,0.0
78,2015-3-20,13.4,3.6,8.5,0.0
79,2015-3-21,17.5,1.5,9.5,0.0
80,2015-3-22,16.4,5.6,11.0,0.0
81,2015-3-23,14.2,2.1,8.15,0.0
82,2015-3-24,16.9,4.5,10.7,0.0
83,2015-3-25,17.5,7.4,12.45,0.1
84,2015-3-26,20.4,9.9,15.15,0.0
85,2015-3-27,15.5,9.2,12.35,1.3
86,2015-3-28,13.0,7.4,10.2,0.0
87,2015-3-29,15.0,5.3,10.15,0.4
88,2015-3-30,12.6,7.6,10.1,3.6
89,2015-3-31,14.1,4.1,9.1,2.7
90,2015-4-1,11.3,4.8,8.05,0.9
91,2015-4-2,11.0,3.4,7.2,0.9
92,2015-4-3,9.6,3.0,6.3,0.4
93,2015-4-4,11.9,0.4,6.15,0.0
94,2015-4-5,12.6,3.0,7.8,0.0
95,2015-4-6,10.1,3.2,6.65,0.0
96,2015-4-7,12.7,5.1,8.9,0.0
97,2015-4-8,14.2,7.2,10.7,2.7
98,2015-4-9,17.5,5.1,11.3,0.0
99,2015-4-10,20.7,5.2,12.95,0.0
100,2015-4-11,22.8,7.5,15.15,0.0
101,2015-4-12,22.6,14.1,18.35,0.0
102,2015-4-13,22.9,10.3,16.6,0.0
103,2015-4-14,15.5,7.8,11.65,0.0
104,2015-4-15,24.1,9.8,16.95,0.0
105,2015-4-16,27.9,11.2,19.55,0.0
106,2015-4-17,24.8,14.6,19.7,1.3
107,2015-4-18,14.6,9.6,12.1,0.0
108,2015-4-19,14.1,4.5,9.3,0.0
109,2015-4-20,17.6,6.7,12.15,0.0
110,2015-4-21,19.1,8.5,13.8,0.0
111,2015-4-22,21.3,11.9,16.6,0.0
112,2015-4-23,22.8,8.1,15.45,0.0
113,2015-4-24,24.1,10.9,17.5,0.0
114,2015-4-25,23.5,10.7,17.1,0.0
115,2015-4-26,23.4,12.6,18.0,0.0
116,2015-4-27,26.5,11.5,19.0,0.0
117,2015-4-28,22.6,14.7,18.65,0.4
118,2015-4-29,17.8,7.6,12.7,0.0
119,2015-4-30,20.0,7.3,13.65,0.0
120,2015-5-1,19.9,10.5,15.2,3.5
121,2015-5-2,18.6,12.1,15.35,2.6
122,2015-5-3,16.9,8.6,12.75,0.4
123,2015-5-4,24.5,11.9,18.2,0.0
124,2015-5-5,28.6,15.9,22.25,0.0
125,2015-5-6,29.0,17.4,23.2,0.0
126,2015-5-7,24.2,14.4,19.3,0.0
127,2015-5-8,25.4,13.1,19.25,0.0
128,2015-5-9,25.4,13.4,19.4,0.0
129,2015-5-10,22.8,15.9,19.35,0.0
130,2015-5-11,22.2,11.3,16.75,0.0
131,2015-5-12,25.5,10.7,18.1,0.0
132,2015-5-13,26.4,14.7,20.55,5.4
133,2015-5-14,23.2,15.1,19.15,0.0
134,2015-5-15,18.7,12.8,15.75,0.0
135,2015-5-16,23.8,12.3,18.05,0.0
136,2015-5-17,21.6,14.7,18.15,0.0
137,2015-5-18,25.4,11.6,18.5,0.0
138,2015-5-19,30.3,14.9,22.6,0.0
139,2015-5-20,29.9,17.6,23.75,2.2
140,2015-5-21,25.8,12.4,19.1,14.8
141,2015-5-22,15.9,12.9,14.4,4.9
142,2015-5-23,21.5,13.4,17.45,3.8
143,2015-5-24,23.4,14.5,18.95,1.3
144,2015-5-25,19.9,13.4,16.65,5.4
145,2015-5-26,23.2,13.8,18.5,0.9
146,2015-5-27,17.8,11.6,14.7,0.0
147,2015-5-28,18.3,9.6,13.95,0.0
148,2015-5-29,24.1,8.4,16.25,0.0
149,2015-5-30,26.6,12.4,19.5,10.3
150,2015-5-31,24.6,15.2,19.9,0.0
151,2015-6-1,28.2,13.8,21.0,0.0
152,2015-6-2,30.9,16.5,23.7,0.0
153,2015-6-3,32.3,17.2,24.75,0.0
154,2015-6-4,31.2,20.3,25.75,0.4
155,2015-6-5,27.5,17.6,22.55,0.0
156,2015-6-6,31.5,16.2,23.85,0.0
157,2015-6-7,31.8,18.5,25.15,0.0
158,2015-6-8,32.7,19.5,26.1,0.0
159,2015-6-9,29.9,17.2,23.55,50.4
160,2015-6-10,29.1,17.3,23.2,0.0
161,2015-6-11,29.6,19.6,24.6,0.0
162,2015-6-12,32.4,20.3,26.35,0.0
163,2015-6-13,31.9,20.7,26.3,0.0
164,2015-6-14,33.2,20.5,26.85,0.2
165,2015-6-15,30.0,20.8,25.4,6.3
166,2015-6-16,24.9,17.8,21.35,0.0
167,2015-6-17,23.0,14.1,18.55,0.0
168,2015-6-18,23.9,14.9,19.4,0.0
169,2015-6-19,22.4,14.9,18.65,0.0
170,2015-6-20,22.4,14.1,18.25,0.0
171,2015-6-21,22.8,11.9,17.35,0.0
172,2015-6-22,25.3,13.3,19.3,0.0
173,2015-6-23,23.3,13.9,18.6,1.3
174,2015-6-24,18.5,13.2,15.85,0.3
175,2015-6-25,24.4,12.8,18.6,0.0
176,2015-6-26,25.6,15.6,20.6,0.0
177,2015-6-27,25.9,14.8,20.35,0.0
178,2015-6-28,24.4,18.5,21.45,0.9
179,2015-6-29,26.5,17.1,21.8,0.0
180,2015-6-30,27.8,15.6,21.7,0.0
181,2015-7-1,30.8,18.0,24.4,0.0
182,2015-7-2,31.5,19.6,25.55,0.0
183,2015-7-3,31.3,20.9,26.1,0.0
184,2015-7-4,33.9,18.9,26.4,0.0
185,2015-7-5,35.4,21.7,28.55,0.0
186,2015-7-6,35.9,22.2,29.05,0.0
187,2015-7-7,36.6,25.2,30.9,0.0
188,2015-7-8,38.9,20.0,29.45,27.4
189,2015-7-9,25.9,18.6,22.25,0.0
190,2015-7-10,23.6,14.9,19.25,0.0
191,2015-7-11,27.8,13.9,20.85,0.0
192,2015-7-12,31.4,17.3,24.35,0.0
193,2015-7-13,28.9,20.5,24.7,0.0
194,2015-7-14,26.4,19.4,22.9,0.0
195,2015-7-15,29.6,21.2,25.4,0.0
196,2015-7-16,32.9,19.9,26.4,0.0
197,2015-7-17,35.3,22.4,28.85,0.0
198,2015-7-18,36.8,23.6,30.2,0.0
199,2015-7-19,36.0,22.4,29.2,0.0
200,2015-7-20,31.5,25.4,28.45,0.0
201,2015-7-21,34.9,21.9,28.4,0.0
202,2015-7-22,37.6,24.1,30.85,0.0
203,2015-7-23,38.1,24.9,31.5,4.0
204,2015-7-24,35.3,22.5,28.9,0.0
205,2015-7-25,35.6,22.6,29.1,4.3
206,2015-7-26,26.0,19.6,22.8,0.0
207,2015-7-27,25.0,16.4,20.7,2.5
208,2015-7-28,25.2,16.1,20.65,0.9
209,2015-7-29,23.5,17.1,20.3,0.4
210,2015-7-30,21.9,17.4,19.65,0.3
211,2015-7-31,26.7,17.5,22.1,0.0
212,2015-8-1,29.5,17.0,23.25,0.0
213,2015-8-2,28.5,18.2,23.35,1.3
214,2015-8-3,30.7,21.3,26.0,0.0
215,2015-8-4,34.0,19.9,26.95,0.0
216,2015-8-5,34.3,20.4,27.35,36.4
217,2015-8-6,35.5,20.1,27.8,0.0
218,2015-8-7,36.4,23.9,30.15,0.0
219,2015-8-8,37.1,23.2,30.15,0.0
220,2015-8-9,36.8,23.3,30.05,0.0
221,2015-8-10,36.4,23.2,29.8,0.0
222,2015-8-11,35.5,22.8,29.15,0.0
223,2015-8-12,38.4,21.8,30.1,0.0
224,2015-8-13,37.6,25.4,31.5,0.0
225,2015-8-14,37.3,25.8,31.55,0.0
226,2015-8-15,37.1,24.4,30.75,4.9
227,2015-8-16,33.3,20.8,27.05,13.9
228,2015-8-17,29.1,18.8,23.95,54.9
229,2015-8-18,20.1,17.3,18.7,3.1
230,2015-8-19,20.8,16.8,18.8,3.1
231,2015-8-20,20.4,16.1,18.25,2.2
232,2015-8-21,25.8,16.4,21.1,0.0
233,2015-8-22,22.6,16.1,19.35,0.0
234,2015-8-23,25.6,15.9,20.75,0.0
235,2015-8-24,28.3,15.2,21.75,0.0
236,2015-8-25,24.7,19.6,22.15,0.0
237,2015-8-26,29.6,17.9,23.75,0.0
238,2015-8-27,29.9,16.3,23.1,0.0
239,2015-8-28,34.2,18.8,26.5,0.0
240,2015-8-29,36.2,19.1,27.65,0.0
241,2015-8-30,35.8,21.2,28.5,0.0
242,2015-8-31,35.8,21.1,28.45,0.0
243,2015-9-1,35.1,20.7,27.9,0.0
244,2015-9-2,28.8,20.9,24.85,0.0
245,2015-9-3,29.3,17.3,23.3,0.0
246,2015-9-4,26.1,17.5,21.8,6.8
247,2015-9-5,21.7,14.9,18.3,3.1
248,2015-9-6,20.3,14.2,17.25,0.0
249,2015-9-7,20.1,11.6,15.85,0.0
250,2015-9-8,19.1,11.8,15.45,0.0
251,2015-9-9,22.4,8.8,15.6,0.0
252,2015-9-10,18.9,13.4,16.15,2.2
253,2015-9-11,16.7,13.8,15.25,2.2
254,2015-9-12,21.9,14.5,18.2,0.0
255,2015-9-13,25.3,12.1,18.7,0.0
256,2015-9-14,26.9,14.9,20.9,0.0
257,2015-9-15,29.3,18.9,24.1,1.8
258,2015-9-16,30.3,17.6,23.95,0.0
259,2015-9-17,33.4,20.9,27.15,0.0
260,2015-9-18,31.4,19.7,25.55,0.0
261,2015-9-19,27.4,18.6,23.0,9.4
262,2015-9-20,22.8,16.3,19.55,0.4
263,2015-9-21,21.6,12.2,16.9,0.0
264,2015-9-22,22.8,10.4,16.6,0.0
265,2015-9-23,26.3,13.4,19.85,0.0
266,2015-9-24,24.6,14.2,19.4,5.8
267,2015-9-25,20.1,15.8,17.95,21.8
268,2015-9-26,16.2,13.7,14.95,5.6
269,2015-9-27,17.3,13.1,15.2,0.0
270,2015-9-28,17.3,12.4,14.85,0.0
271,2015-9-29,17.4,12.0,14.7,0.0
272,2015-9-30,14.5,10.8,12.65,0.0
273,2015-10-1,18.1,9.4,13.75,0.0
274,2015-10-2,20.7,7.1,13.9,0.0
275,2015-10-3,21.9,9.2,15.55,0.0
276,2015-10-4,23.9,11.3,17.6,0.4
277,2015-10-5,21.5,13.6,17.55,0.0
278,2015-10-6,19.6,11.6,15.6,0.0
279,2015-10-7,19.6,13.4,16.5,5.8
280,2015-10-8,16.9,11.6,14.25,5.4
281,2015-10-9,15.9,11.3,13.6,0.0
282,2015-10-10,13.9,11.1,12.5,2.7
283,2015-10-11,13.1,9.6,11.35,12.5
284,2015-10-12,8.6,6.2,7.4,0.0
285,2015-10-13,10.1,3.1,6.6,3.1
286,2015-10-14,11.2,8.8,10.0,16.2
287,2015-10-15,14.9,10.6,12.75,16.2
288,2015-10-16,14.4,12.2,13.3,20.7
289,2015-10-17,17.0,11.6,14.3,0.4
290,2015-10-18,15.0,7.1,11.05,0.4
291,2015-10-19,12.5,11.2,11.85,9.4
292,2015-10-20,11.4,8.4,9.9,1.3
293,2015-10-21,14.2,6.8,10.5,0.0
294,2015-10-22,13.1,4.8,8.95,0.0
295,2015-10-23,14.9,5.3,10.1,0.0
296,2015-10-24,14.5,5.3,9.9,0.0
297,2015-10-25,13.9,4.8,9.35,0.0
298,2015-10-26,16.5,7.2,11.85,0.0
299,2015-10-27,16.1,8.2,12.15,0.0
300,2015-10-28,15.6,6.4,11.0,0.0
301,2015-10-29,14.3,7.8,11.05,0.4
302,2015-10-30,17.3,5.4,11.35,0.0
303,2015-10-31,15.5,5.9,10.7,0.0
304,2015-11-1,14.1,3.0,8.55,0.0
305,2015-11-2,13.4,1.4,7.4,0.0
306,2015-11-3,13.9,1.5,7.7,0.0
307,2015-11-4,14.9,2.6,8.75,0.0
308,2015-11-5,14.3,2.7,8.5,0.0
309,2015-11-6,14.1,1.6,7.85,0.0
310,2015-11-7,13.9,3.2,8.55,0.0
311,2015-11-8,19.7,8.6,14.15,0.0
312,2015-11-9,14.0,6.3,10.15,0.4
313,2015-11-10,19.0,10.8,14.9,0.0
314,2015-11-11,19.9,14.3,17.1,0.0
315,2015-11-12,19.6,10.8,15.2,0.0
316,2015-11-13,15.8,6.9,11.35,0.0
317,2015-11-14,13.7,7.9,10.8,0.0
318,2015-11-15,9.8,6.6,8.2,4.0
319,2015-11-16,16.1,10.4,13.25,0.0
320,2015-11-17,16.1,6.0,11.05,0.3
321,2015-11-18,20.4,10.6,15.5,0.0
322,2015-11-19,15.6,8.6,12.1,0.0
323,2015-11-20,13.0,9.5,11.25,3.6
324,2015-11-21,13.8,5.9,9.85,0.2
325,2015-11-22,5.9,4.1,5.0,1.8
326,2015-11-23,7.6,2.1,4.85,0.0
327,2015-11-24,6.4,1.0,3.7,0.0
328,2015-11-25,5.3,-1.5,1.9,0.0
329,2015-11-26,5.9,0.6,3.25,0.0
330,2015-11-27,4.6,-0.4,2.1,0.0
331,2015-11-28,4.8,2.4,3.6,2.2
332,2015-11-29,9.5,3.4,6.45,1.3
333,2015-11-30,13.7,5.4,9.55,3.1
334,2015-12-1,13.0,7.2,10.1,0.0
335,2015-12-2,11.8,5.9,8.85,0.0
336,2015-12-3,12.1,8.4,10.25,0.0
337,2015-12-4,8.7,5.6,7.15,0.0
338,2015-12-5,7.2,3.9,5.55,0.3
339,2015-12-6,5.9,4.6,5.25,0.6
340,2015-12-7,6.1,4.2,5.15,0.0
341,2015-12-8,6.1,5.0,5.55,0.0
342,2015-12-9,5.2,4.3,4.75,0.4
343,2015-12-10,7.8,3.5,5.65,0.0
344,2015-12-11,6.3,0.9,3.6,0.2
345,2015-12-12,5.3,1.4,3.35,0.0
346,2015-12-13,5.9,-0.2,2.85,0.0
347,2015-12-14,5.9,0.2,3.05,0.0
348,2015-12-15,2.3,0.4,1.35,0.0
349,2015-12-16,6.9,1.9,4.4,0.0
350,2015-12-17,2.4,0.7,1.55,0.4
351,2015-12-18,4.4,1.7,3.05,1.3
352,2015-12-19,4.8,3.8,4.3,0.0
353,2015-12-20,4.5,3.8,4.15,0.4
354,2015-12-21,4.5,2.5,3.5,0.5
355,2015-12-22,8.3,1.7,5.0,0.0
356,2015-12-23,5.3,3.5,4.4,0.0
357,2015-12-24,4.5,2.2,3.35,0.0
358,2015-12-25,6.9,4.6,5.75,0.0
359,2015-12-26,4.1,2.4,3.25,0.0
360,2015-12-27,3.5,0.9,2.2,0.0
361,2015-12-28,2.7,-0.7,1.0,0.0
362,2015-12-29,7.8,1.3,4.55,0.0
363,2015-12-30,3.5,-0.7,1.4,0.0
364,2015-12-31,1.3,-4.7,-1.7,0.0
365,2016-1-1,-1.8,-6.1,-3.95,0.0
366,2016-1-2,-2.1,-5.2,-3.65,0.0
367,2016-1-3,-3.0,-7.1,-5.05,0.0
368,2016-1-4,-6.2,-8.8,-7.5,1.8
369,2016-1-5,-3.4,-6.2,-4.8,0.3
370,2016-1-6,-0.1,-5.6,-2.85,2.4
371,2016-1-7,5.6,-0.1,2.75,0.0
372,2016-1-8,4.6,-3.4,0.6,0.4
373,2016-1-9,1.8,-0.9,0.45,22.9
374,2016-1-10,4.2,1.8,3.0,1.3
375,2016-1-11,7.4,1.1,4.25,5.8
376,2016-1-12,9.3,4.1,6.7,0.1
377,2016-1-13,9.6,4.7,7.15,0.7
378,2016-1-14,8.6,3.1,5.85,2.2
379,2016-1-15,4.7,2.6,3.65,0.0
380,2016-1-16,5.1,1.1,3.1,0.0
381,2016-1-17,0.4,-2.6,-1.1,0.0
382,2016-1-18,1.3,-3.9,-1.3,0.0
383,2016-1-19,0.6,-6.2,-2.8,0.0
384,2016-1-20,1.3,-3.5,-1.1,0.0
385,2016-1-21,1.4,-1.8,-0.2,0.0
386,2016-1-22,1.8,-6.6,-2.4,0.0
387,2016-1-23,-0.2,-6.7,-3.45,2.0
388,2016-1-24,0.6,-2.2,-0.8,0.0
389,2016-1-25,1.0,-1.4,-0.2,1.9
390,2016-1-26,5.4,1.8,3.6,0.0
391,2016-1-27,5.1,1.6,3.35,0.0
392,2016-1-28,9.8,0.6,5.2,0.0
393,2016-1-29,8.6,5.1,6.85,2.2
394,2016-1-30,6.4,0.0,3.2,0.0
395,2016-1-31,7.9,3.8,5.85,4.0
396,2016-2-1,10.8,3.6,7.2,1.3
397,2016-2-2,14.4,6.9,10.65,0.0
398,2016-2-3,12.6,5.2,8.9,9.0
399,2016-2-4,7.5,3.6,5.55,0.0
400,2016-2-5,7.9,2.3,5.1,0.0
401,2016-2-6,10.1,1.2,5.65,0.0
402,2016-2-7,12.1,1.5,6.8,0.0
403,2016-2-8,8.9,4.3,6.6,0.0
404,2016-2-9,13.6,7.4,10.5,5.8
405,2016-2-10,10.9,4.1,7.5,15.3
406,2016-2-11,9.2,3.2,6.2,0.0
407,2016-2-12,9.1,-0.1,4.5,1.8
408,2016-2-13,5.8,5.2,5.5,4.8
409,2016-2-14,13.1,3.6,8.35,8.1
410,2016-2-15,9.7,7.2,8.45,10.3
411,2016-2-16,8.6,6.5,7.55,0.0
412,2016-2-17,9.9,4.6,7.25,0.0
413,2016-2-18,11.9,7.8,9.85,11.9
414,2016-2-19,8.8,4.3,6.55,4.6
415,2016-2-20,8.8,3.0,5.9,0.6
416,2016-2-21,13.4,4.5,8.95,2.2
417,2016-2-22,18.1,5.4,11.75,0.0
418,2016-2-23,11.8,8.4,10.1,4.3
419,2016-2-24,9.4,3.9,6.65,0.0
420,2016-2-25,6.9,0.5,3.7,1.3
421,2016-2-26,8.6,2.4,5.5,0.0
422,2016-2-27,9.3,1.4,5.35,0.0
423,2016-2-28,10.6,3.9,7.25,0.0
424,2016-2-29,11.2,7.9,9.55,21.6
425,2016-3-1,10.1,3.4,6.75,4.9
426,2016-3-2,11.5,2.7,7.1,0.0
427,2016-3-3,10.1,3.3,6.7,0.7
428,2016-3-4,13.6,5.8,9.7,0.0
429,2016-3-5,11.5,2.8,7.15,0.4
430,2016-3-6,12.1,6.5,9.3,1.3
431,2016-3-7,9.3,6.2,7.75,2.2
432,2016-3-8,11.2,4.4,7.8,0.0
433,2016-3-9,14.1,2.3,8.2,0.0
434,2016-3-10,15.4,5.8,10.6,0.0
435,2016-3-11,15.8,9.6,12.7,0.0
436,2016-3-12,11.8,9.3,10.55,0.0
437,2016-3-13,13.3,7.6,10.45,0.0
438,2016-3-14,12.9,3.3,8.1,0.0
439,2016-3-15,9.6,2.6,6.1,8.1
440,2016-3-16,10.5,2.7,6.6,0.0
441,2016-3-17,13.9,2.3,8.1,0.0
442,2016-3-18,14.9,3.4,9.15,0.0
443,2016-3-19,12.3,6.3,9.3,0.0
444,2016-3-20,12.1,1.3,6.7,0.0
445,2016-3-21,11.8,4.2,8.0,0.0
446,2016-3-22,13.1,5.5,9.3,0.0
447,2016-3-23,10.3,3.3,6.8,0.0
448,2016-3-24,13.0,4.2,8.6,0.0
449,2016-3-25,11.8,1.3,6.55,0.0
450,2016-3-26,11.9,6.9,9.4,0.0
451,2016-3-27,14.9,4.1,9.5,0.0
452,2016-3-28,14.9,5.1,10.0,0.0
453,2016-3-29,15.8,6.7,11.25,2.0
454,2016-3-30,18.5,7.6,13.05,0.0
455,2016-3-31,22.5,8.3,15.4,0.0
456,2016-4-1,23.0,13.8,18.4,0.0
457,2016-4-2,17.8,7.6,12.7,0.0
458,2016-4-3,22.5,8.3,15.4,0.0
459,2016-4-4,25.9,11.1,18.5,0.0
460,2016-4-5,26.2,11.2,18.7,0.0
461,2016-4-6,24.1,12.6,18.35,0.0
462,2016-4-7,25.4,13.4,19.4,0.0
463,2016-4-8,20.3,16.1,18.2,3.1
464,2016-4-9,17.8,9.9,13.85,0.0
465,2016-4-10,12.9,8.5,10.7,0.0
466,2016-4-11,18.3,9.0,13.65,0.0
467,2016-4-12,22.8,7.9,15.35,0.0
468,2016-4-13,23.8,9.5,16.65,0.0
469,2016-4-14,16.7,12.8,14.75,0.0
470,2016-4-15,20.8,8.9,14.85,0.0
471,2016-4-16,24.4,10.3,17.35,0.0
472,2016-4-17,24.1,12.4,18.25,0.0
473,2016-4-18,21.3,13.2,17.25,0.0
474,2016-4-19,19.1,9.6,14.35,0.0
475,2016-4-20,16.1,8.6,12.35,0.0
476,2016-4-21,19.9,5.5,12.7,0.0
477,2016-4-22,23.8,7.8,15.8,0.0
478,2016-4-23,23.9,10.6,17.25,1.2
479,2016-4-24,16.4,6.3,11.35,2.9
480,2016-4-25,10.8,5.8,8.3,0.0
481,2016-4-26,16.2,2.8,9.5,0.2
482,2016-4-27,11.6,5.4,8.5,6.7
483,2016-4-28,14.9,2.4,8.65,0.0
484,2016-4-29,17.3,7.2,12.25,0.0
485,2016-4-30,20.7,6.3,13.5,0.0
486,2016-5-1,20.3,10.3,15.3,2.7
487,2016-5-2,20.3,12.6,16.45,6.3
488,2016-5-3,19.8,13.5,16.65,0.2
489,2016-5-4,22.0,12.4,17.2,3.1
490,2016-5-5,22.6,12.5,17.55,0.0
491,2016-5-6,24.4,13.4,18.9,0.0
492,2016-5-7,25.0,14.2,19.6,0.0
493,2016-5-8,21.9,12.7,17.3,0.0
494,2016-5-9,23.6,12.6,18.1,2.4
495,2016-5-10,20.4,11.9,16.15,2.5
496,2016-5-11,20.7,12.3,16.5,0.0
497,2016-5-12,20.8,13.6,17.2,16.6
498,2016-5-13,22.0,13.9,17.95,1.8
499,2016-5-14,19.1,13.6,16.35,5.4
500,2016-5-15,16.1,9.8,12.95,0.0
501,2016-5-16,16.4,7.7,12.05,0.0
502,2016-5-17,15.8,8.1,11.95,0.0
503,2016-5-18,18.5,10.9,14.7,0.0
504,2016-5-19,21.4,10.6,16.0,0.0
505,2016-5-20,23.5,13.3,18.4,0.0
506,2016-5-21,26.5,14.1,20.3,0.0
507,2016-5-22,28.4,13.5,20.95,0.0
508,2016-5-23,29.3,14.9,22.1,10.3
509,2016-5-24,25.9,13.4,19.65,8.5
510,2016-5-25,25.8,13.8,19.8,0.0
511,2016-5-26,26.3,14.9,20.6,0.0
512,2016-5-27,29.8,16.1,22.95,0.0
513,2016-5-28,29.8,18.1,23.95,0.0
514,2016-5-29,30.7,19.6,25.15,2.2
515,2016-5-30,28.2,17.6,22.9,1.8
516,2016-5-31,27.1,16.4,21.75,0.0
517,2016-6-1,26.4,15.6,21.0,2.7
518,2016-6-2,23.9,15.5,19.7,3.3
519,2016-6-3,25.9,15.4,20.65,0.3
520,2016-6-4,25.4,17.5,21.45,0.0
521,2016-6-5,28.4,16.8,22.6,7.6
522,2016-6-6,27.4,17.3,22.35,0.0
523,2016-6-7,25.0,16.1,20.55,0.0
524,2016-6-8,26.7,14.3,20.5,0.0
525,2016-6-9,27.9,15.6,21.75,0.0
526,2016-6-10,23.4,16.8,20.1,0.0
527,2016-6-11,27.5,14.8,21.15,12.1
528,2016-6-12,22.7,15.9,19.3,0.0
529,2016-6-13,23.5,15.8,19.65,9.9
530,2016-6-14,25.9,14.9,20.4,0.0
531,2016-6-15,23.3,16.3,19.8,8.5
532,2016-6-16,27.8,13.9,20.85,0.0
533,2016-6-17,30.0,19.8,24.9,0.0
534,2016-6-18,28.2,15.6,21.9,0.0
535,2016-6-19,29.4,17.0,23.2,0.3
536,2016-6-20,29.2,17.5,23.35,0.0
537,2016-6-21,30.4,16.9,23.65,0.0
538,2016-6-22,32.1,19.2,25.65,0.0
539,2016-6-23,35.2,20.8,28.0,0.0
540,2016-6-24,36.6,22.9,29.75,0.0
541,2016-6-25,35.5,23.9,29.7,2.2
542,2016-6-26,30.1,20.6,25.35,0.0
543,2016-6-27,27.8,21.6,24.7,0.0
544,2016-6-28,27.3,17.4,22.35,0.0
545,2016-6-29,30.4,18.7,24.55,0.0
546,2016-6-30,32.2,19.3,25.75,0.0
547,2016-7-1,31.0,21.2,26.1,0.0
548,2016-7-2,34.8,21.4,28.1,3.1
549,2016-7-3,31.3,19.2,25.25,0.0
550,2016-7-4,27.1,17.0,22.05,0.0
551,2016-7-5,30.5,18.1,24.3,0.0
552,2016-7-6,27.5,21.5,24.5,0.0
553,2016-7-7,25.3,15.9,20.6,0.0
554,2016-7-8,29.3,15.4,22.35,0.0
555,2016-7-9,28.9,20.5,24.7,0.0
556,2016-7-10,30.6,17.5,24.05,0.0
557,2016-7-11,34.1,19.6,26.85,0.0
558,2016-7-12,35.9,21.1,28.5,0.0
559,2016-7-13,32.1,22.4,27.25,27.0
560,2016-7-14,28.9,15.1,22.0,0.9
561,2016-7-15,22.9,13.8,18.35,4.9
562,2016-7-16,20.9,14.4,17.65,22.0
563,2016-7-17,18.6,14.8,16.7,5.8
564,2016-7-18,27.9,16.4,22.15,0.0
565,2016-7-19,26.6,17.0,21.8,0.0
566,2016-7-20,27.9,18.3,23.1,0.0
567,2016-7-21,30.3,16.3,23.3,8.2
568,2016-7-22,29.7,19.0,24.35,0.0
569,2016-7-23,29.4,21.2,25.3,0.0
570,2016-7-24,33.1,22.1,27.6,0.0
571,2016-7-25,30.7,22.3,26.5,0.0
572,2016-7-26,31.2,21.6,26.4,0.0
573,2016-7-27,31.7,20.8,26.25,0.0
574,2016-7-28,27.4,19.9,23.65,23.0
575,2016-7-29,30.0,18.6,24.3,0.0
576,2016-7-30,31.9,20.4,26.15,0.0
577,2016-7-31,32.2,20.6,26.4,9.6
578,2016-8-1,26.8,19.2,23.0,0.0
579,2016-8-2,27.6,19.3,23.45,0.0
580,2016-8-3,26.9,18.3,22.6,0.0
581,2016-8-4,31.0,18.5,24.75,0.0
582,2016-8-5,33.4,20.8,27.1,1.7
583,2016-8-6,25.0,17.3,21.15,0.1
584,2016-8-7,28.1,17.9,23.0,0.0
585,2016-8-8,28.8,16.2,22.5,0.0
586,2016-8-9,30.1,16.1,23.1,0.0
587,2016-8-10,25.5,14.6,20.05,8.3
588,2016-8-11,19.6,12.5,16.05,0.0
589,2016-8-12,23.9,11.3,17.6,0.0
590,2016-8-13,24.5,15.5,20.0,0.0
591,2016-8-14,29.6,15.2,22.4,0.0
592,2016-8-15,29.6,18.4,24.0,0.0
593,2016-8-16,27.9,16.8,22.35,13.7
594,2016-8-17,24.4,15.9,20.15,3.4
595,2016-8-18,26.4,14.9,20.65,0.0
596,2016-8-19,28.1,17.6,22.85,0.0
597,2016-8-20,30.5,17.8,24.15,0.0
598,2016-8-21,29.8,19.9,24.85,0.0
599,2016-8-22,20.4,14.7,17.55,35.2
600,2016-8-23,26.8,15.8,21.3,0.0
601,2016-8-24,27.6,17.1,22.35,0.0
602,2016-8-25,28.1,18.2,23.15,0.0
603,2016-8-26,29.8,18.1,23.95,0.0
604,2016-8-27,30.8,17.2,24.0,0.0
605,2016-8-28,31.6,18.2,24.9,0.0
606,2016-8-29,31.6,17.3,24.45,0.0
607,2016-8-30,28.8,20.1,24.45,0.0
608,2016-8-31,27.2,17.6,22.4,0.0
609,2016-9-1,29.2,14.6,21.9,0.0
610,2016-9-2,29.5,15.4,22.45,0.0
611,2016-9-3,30.1,16.9,23.5,0.0
612,2016-9-4,29.8,16.8,23.3,2.7
613,2016-9-5,25.1,16.9,21.0,7.1
614,2016-9-6,22.5,15.0,18.75,0.0
615,2016-9-7,28.8,18.6,23.7,0.0
616,2016-9-8,31.3,17.9,24.6,0.0
617,2016-9-9,30.9,18.4,24.65,0.0
618,2016-9-10,32.6,17.9,25.25,0.0
619,2016-9-11,33.2,19.4,26.3,0.0
620,2016-9-12,32.3,19.2,25.75,0.0
621,2016-9-13,31.9,19.1,25.5,1.3
622,2016-9-14,28.9,16.6,22.75,0.0
623,2016-9-15,29.3,18.3,23.8,0.0
624,2016-9-16,29.4,17.1,23.25,0.1
625,2016-9-17,24.7,18.9,21.8,6.7
626,2016-9-18,23.9,14.9,19.4,0.0
627,2016-9-19,24.1,15.6,19.85,4.9
628,2016-9-20,20.2,15.3,17.75,0.0
629,2016-9-21,20.6,11.6,16.1,0.1
630,2016-9-22,20.2,11.7,15.95,0.0
631,2016-9-23,21.9,8.3,15.1,0.0
632,2016-9-24,23.6,10.2,16.9,0.0
633,2016-9-25,21.0,11.4,16.2,0.0
634,2016-9-26,22.5,12.6,17.55,0.0
635,2016-9-27,22.7,10.5,16.6,0.0
636,2016-9-28,24.3,10.1,17.2,0.0
637,2016-9-29,26.4,14.1,20.25,0.0
638,2016-9-30,26.7,11.9,19.3,0.0
639,2016-10-1,24.8,12.8,18.8,0.0
640,2016-10-2,21.6,12.7,17.15,2.7
641,2016-10-3,17.4,13.6,15.5,0.0
642,2016-10-4,14.9,11.8,13.35,2.6
643,2016-10-5,12.3,6.8,9.55,2.7
644,2016-10-6,9.3,6.4,7.85,4.0
645,2016-10-7,13.1,4.4,8.75,0.4
646,2016-10-8,15.3,4.5,9.9,0.0
647,2016-10-9,16.4,7.3,11.85,0.0
648,2016-10-10,15.3,5.8,10.55,2.2
649,2016-10-11,12.1,7.8,9.95,1.3
650,2016-10-12,12.4,7.5,9.95,0.1
651,2016-10-13,12.2,8.2,10.2,0.0
652,2016-10-14,13.6,6.2,9.9,0.0
653,2016-10-15,15.5,7.6,11.55,1.3
654,2016-10-16,18.3,11.1,14.7,0.9
655,2016-10-17,14.9,9.3,12.1,0.2
656,2016-10-18,13.0,8.6,10.8,0.5
657,2016-10-19,11.8,9.3,10.55,0.0
658,2016-10-20,11.7,8.9,10.3,3.6
659,2016-10-21,10.4,8.6,9.5,2.2
660,2016-10-22,15.4,6.9,11.15,0.0
661,2016-10-23,11.4,5.6,8.5,0.0
662,2016-10-24,14.7,9.2,11.95,0.0
663,2016-10-25,16.9,11.9,14.4,6.7
664,2016-10-26,16.6,12.6,14.6,0.0
665,2016-10-27,12.8,7.3,10.05,0.0
666,2016-10-28,13.2,3.1,8.15,0.5
667,2016-10-29,14.9,8.4,11.65,0.0
668,2016-10-30,12.4,8.3,10.35,0.0
669,2016-10-31,12.5,5.3,8.9,0.0
670,2016-11-1,13.1,5.9,9.5,0.0
671,2016-11-2,14.9,5.1,10.0,0.0
672,2016-11-3,9.9,7.0,8.45,0.0
673,2016-11-4,9.6,0.2,4.9,0.0
674,2016-11-5,6.2,2.4,4.3,14.4
675,2016-11-6,15.3,7.6,11.45,3.6
676,2016-11-7,13.5,5.6,9.55,0.0
677,2016-11-8,8.1,4.4,6.25,0.0
678,2016-11-9,8.5,4.1,6.3,0.0
679,2016-11-10,7.3,0.1,3.7,0.9
680,2016-11-11,7.9,2.6,5.25,3.1
681,2016-11-12,6.7,5.3,6.0,10.4
682,2016-11-13,6.3,1.0,3.65,0.0
683,2016-11-14,8.1,2.3,5.2,0.0
684,2016-11-15,6.8,-1.4,2.7,0.0
685,2016-11-16,4.4,1.3,2.85,3.1
686,2016-11-17,7.6,2.6,5.1,0.4
687,2016-11-18,15.2,3.7,9.45,0.0
688,2016-11-19,13.8,8.9,11.35,0.3
689,2016-11-20,14.6,8.9,11.75,0.0
690,2016-11-21,12.9,6.8,9.85,0.0
691,2016-11-22,11.9,5.4,8.65,0.0
692,2016-11-23,11.6,4.4,8.0,0.0
693,2016-11-24,10.5,4.1,7.3,0.0
694,2016-11-25,9.9,6.4,8.15,0.0
695,2016-11-26,10.9,5.1,8.0,0.0
696,2016-11-27,11.3,5.5,8.4,0.0
697,2016-11-28,5.1,1.6,3.35,0.0
698,2016-11-29,4.7,-0.7,2.0,0.0
699,2016-11-30,4.9,-1.6,1.65,0.0
700,2016-12-1,5.5,1.3,3.4,0.9
701,2016-12-2,7.9,3.9,5.9,0.9
702,2016-12-3,5.5,0.5,3.0,0.0
703,2016-12-4,5.6,-3.2,1.2,0.0
704,2016-12-5,3.2,-2.6,0.3,0.0
705,2016-12-6,1.4,-4.7,-1.65,0.0
706,2016-12-7,4.8,-3.4,0.7,0.0
707,2016-12-8,-0.7,-2.9,-1.8,0.0
708,2016-12-9,6.4,-1.7,2.35,0.0
709,2016-12-10,12.2,4.6,8.4,0.0
710,2016-12-11,13.7,1.9,7.8,0.0
711,2016-12-12,8.5,5.3,6.9,0.0
712,2016-12-13,5.4,-2.9,1.25,0.0
713,2016-12-14,1.6,-3.6,-1.0,0.0
714,2016-12-15,1.3,-1.9,-0.3,0.0
715,2016-12-16,5.3,-1.7,1.8,0.0
716,2016-12-17,-1.6,-5.7,-3.65,0.0
717,2016-12-18,-0.4,-2.4,-1.4,0.0
718,2016-12-19,-1.6,-2.8,-2.2,0.0
719,2016-12-20,-2.1,-3.0,-2.55,0.0
720,2016-12-21,-1.6,-3.4,-2.5,0.0
721,2016-12-22,-1.0,-1.9,-1.45,0.0
722,2016-12-23,-0.7,-2.6,-1.65,0.0
723,2016-12-24,0.1,-1.1,-0.5,0.9
724,2016-12-25,6.4,-0.1,3.15,1.6
725,2016-12-26,11.8,7.8,9.8,0.0
726,2016-12-27,10.6,5.0,7.8,0.0
727,2016-12-28,6.2,2.3,4.25,0.0
728,2016-12-29,5.2,0.7,2.95,0.0
729,2016-12-30,4.2,-3.4,0.4,0.0
730,2016-12-31,3.6,-5.1,-0.75,0.0
731,2017-1-1,-2.7,-6.0,-4.35,0.0
732,2017-1-2,-1.6,-4.7,-3.15,0.0
733,2017-1-3,3.8,-0.7,1.55,0.0
734,2017-1-4,3.9,-1.3,1.3,0.1
735,2017-1-5,3.9,-1.1,1.4,0.0
736,2017-1-6,-3.7,-8.5,-6.1,0.0
737,2017-1-7,-7.0,-12.8,-9.9,0.0
738,2017-1-8,-4.4,-13.8,-9.1,0.0
739,2017-1-9,-1.1,-10.1,-5.6,0.0
740,2017-1-10,-4.1,-8.9,-6.5,0.0
741,2017-1-11,0.6,-9.7,-4.55,1.5
742,2017-1-12,2.9,-7.4,-2.25,0.8
743,2017-1-13,2.1,0.8,1.45,9.4
744,2017-1-14,5.1,1.3,3.2,0.0
745,2017-1-15,3.8,-0.4,1.7,0.0
746,2017-1-16,-1.5,-5.1,-3.3,0.0
747,2017-1-17,2.0,-2.7,-0.35,0.0
748,2017-1-18,2.8,-2.0,0.4,0.0
749,2017-1-19,3.3,-5.1,-0.9,0.0
750,2017-1-20,2.4,-7.2,-2.4,0.0
751,2017-1-21,3.0,-6.7,-1.85,0.0
752,2017-1-22,1.7,-6.1,-2.2,0.0
753,2017-1-23,0.3,-6.1,-2.9,0.0
754,2017-1-24,1.6,-7.5,-2.95,0.0
755,2017-1-25,0.9,-4.2,-1.65,0.0
756,2017-1-26,3.5,-2.2,0.65,0.0
757,2017-1-27,-3.7,-8.1,-5.9,0.0
758,2017-1-28,-4.1,-7.6,-5.85,0.0
759,2017-1-29,-2.4,-8.1,-5.25,0.0
760,2017-1-30,-3.9,-8.8,-6.35,0.0
761,2017-1-31,-1.9,-5.6,-3.75,9.5
762,2017-2-1,1.5,-1.7,-0.1,13.4
763,2017-2-2,4.4,1.8,3.1,0.0
764,2017-2-3,13.5,1.8,7.65,0.0
765,2017-2-4,8.4,2.8,5.6,5.2
766,2017-2-5,11.9,2.4,7.15,2.2
767,2017-2-6,7.3,3.6,5.45,3.1
768,2017-2-7,4.8,2.5,3.65,0.9
769,2017-2-8,2.2,0.5,1.35,0.0
770,2017-2-9,3.3,0.4,1.85,0.0
771,2017-2-10,3.4,0.3,1.85,0.0
772,2017-2-11,6.1,-1.2,2.45,0.0
773,2017-2-12,6.2,-1.6,2.3,0.0
774,2017-2-13,3.6,-2.8,0.4,0.0
775,2017-2-14,1.3,-4.0,-1.35,0.0
776,2017-2-15,1.2,-2.9,-0.85,0.0
777,2017-2-16,0.1,-1.8,-0.85,0.0
778,2017-2-17,1.5,-2.1,-0.3,0.0
779,2017-2-18,7.2,-1.3,2.95,0.0
780,2017-2-19,7.8,1.0,4.4,0.0
781,2017-2-20,7.0,0.4,3.7,0.0
782,2017-2-21,10.5,3.3,6.9,0.3
783,2017-2-22,12.5,3.6,8.05,0.0
784,2017-2-23,14.9,6.6,10.75,0.0
785,2017-2-24,12.2,9.5,10.85,0.0
786,2017-2-25,9.5,2.1,5.8,0.0
787,2017-2-26,9.6,-0.2,4.7,0.0
788,2017-2-27,14.7,2.8,8.75,0.0
789,2017-2-28,17.3,7.3,12.3,4.6
790,2017-3-1,13.7,6.2,9.95,0.0
791,2017-3-2,14.7,1.7,8.2,0.0
792,2017-3-3,14.8,4.6,9.7,0.0
793,2017-3-4,18.7,5.7,12.2,0.0
794,2017-3-5,15.4,10.8,13.1,9.2
795,2017-3-6,11.6,6.6,9.1,0.0
796,2017-3-7,13.8,3.8,8.8,0.0
797,2017-3-8,15.1,6.8,10.95,0.0
798,2017-3-9,12.7,7.1,9.9,6.6
799,2017-3-10,9.3,4.9,7.1,2.7
800,2017-3-11,13.1,4.0,8.55,0.0
801,2017-3-12,9.4,4.6,7.0,0.0
802,2017-3-13,14.1,3.4,8.75,0.0
803,2017-3-14,13.5,4.0,8.75,0.0
804,2017-3-15,12.5,2.4,7.45,0.0
805,2017-3-16,15.3,4.8,10.05,0.0
806,2017-3-17,15.4,4.9,10.15,2.5
807,2017-3-18,12.5,8.3,10.4,12.6
808,2017-3-19,12.5,6.7,9.6,2.7
809,2017-3-20,16.9,7.1,12.0,0.0
810,2017-3-21,21.4,6.9,14.15,0.0
811,2017-3-22,23.8,11.5,17.65,0.0
812,2017-3-23,22.9,11.8,17.35,0.0
813,2017-3-24,20.9,9.6,15.25,0.0
814,2017-3-25,16.4,9.1,12.75,0.0
815,2017-3-26,14.7,8.2,11.45,0.0
816,2017-3-27,15.9,2.6,9.25,0.0
817,2017-3-28,22.3,4.9,13.6,0.0
818,2017-3-29,23.3,9.5,16.4,0.0
819,2017-3-30,20.4,14.6,17.5,0.0
820,2017-3-31,21.4,8.8,15.1,0.0
821,2017-4-1,23.4,9.8,16.6,0.0
822,2017-4-2,25.3,10.9,18.1,0.0
823,2017-4-3,26.4,10.1,18.25,0.0
824,2017-4-4,24.4,14.9,19.65,0.4
825,2017-4-5,17.1,11.8,14.45,2.2
826,2017-4-6,14.8,9.8,12.3,0.0
827,2017-4-7,11.4,7.5,9.45,0.0
828,2017-4-8,17.5,8.7,13.1,0.0
829,2017-4-9,18.9,9.0,13.95,0.0
830,2017-4-10,21.5,8.4,14.95,0.0
831,2017-4-11,19.4,9.8,14.6,0.0
832,2017-4-12,16.6,5.3,10.95,0.4
833,2017-4-13,18.1,9.1,13.6,0.0
834,2017-4-14,17.6,7.6,12.6,0.0
835,2017-4-15,17.9,7.4,12.65,0.8
836,2017-4-16,15.4,10.8,13.1,0.0
837,2017-4-17,14.6,5.5,10.05,3.1
838,2017-4-18,11.9,6.8,9.35,4.9
839,2017-4-19,10.1,1.6,5.85,28.2
840,2017-4-20,5.9,2.4,4.15,5.4
841,2017-4-21,12.1,1.4,6.75,0.0
842,2017-4-22,15.2,6.1,10.65,0.0
843,2017-4-23,13.3,5.6,9.45,0.0
844,2017-4-24,15.3,4.7,10.0,0.0
845,2017-4-25,22.3,7.2,14.75,0.0
846,2017-4-26,22.2,12.2,17.2,0.0
847,2017-4-27,20.3,13.1,16.7,1.3
848,2017-4-28,18.8,11.1,14.95,4.9
849,2017-4-29,12.9,6.6,9.75,0.0
850,2017-4-30,18.0,6.6,12.3,0.0
851,2017-5-1,20.2,7.2,13.7,0.0
852,2017-5-2,22.4,14.6,18.5,0.2
853,2017-5-3,19.8,11.9,15.85,9.4
854,2017-5-4,22.6,11.2,16.9,1.2
855,2017-5-5,20.4,12.9,16.65,3.6
856,2017-5-6,24.5,12.6,18.55,0.0
857,2017-5-7,19.9,13.9,16.9,2.2
858,2017-5-8,20.2,11.2,15.7,0.0
859,2017-5-9,14.9,9.6,12.25,1.3
860,2017-5-10,15.9,6.2,11.05,0.0
861,2017-5-11,24.2,7.5,15.85,0.0
862,2017-5-12,25.9,14.4,20.15,0.3
863,2017-5-13,24.2,15.1,19.65,1.3
864,2017-5-14,25.1,13.4,19.25,0.0
865,2017-5-15,26.4,14.4,20.4,0.0
866,2017-5-16,25.8,15.9,20.85,0.0
867,2017-5-17,25.7,14.9,20.3,0.0
868,2017-5-18,27.2,13.0,20.1,0.0
869,2017-5-19,28.2,13.8,21.0,0.0
870,2017-5-20,23.9,16.3,20.1,0.3
871,2017-5-21,24.9,14.9,19.9,0.0
872,2017-5-22,27.9,15.0,21.45,0.0
873,2017-5-23,27.2,15.8,21.5,11.2
874,2017-5-24,23.3,14.7,19.0,0.0
875,2017-5-25,21.2,11.4,16.3,0.0
876,2017-5-26,23.9,14.4,19.15,0.0
877,2017-5-27,25.9,14.4,20.15,0.0
878,2017-5-28,27.2,15.6,21.4,0.0
879,2017-5-29,29.4,13.8,21.6,0.0
880,2017-5-30,31.3,16.8,24.05,0.0
881,2017-5-31,30.6,20.1,25.35,0.0
882,2017-6-1,28.3,21.8,25.05,0.0
883,2017-6-2,29.4,15.1,22.25,0.0
884,2017-6-3,30.9,18.1,24.5,0.0
885,2017-6-4,31.3,18.9,25.1,2.7
886,2017-6-5,29.6,16.7,23.15,0.0
887,2017-6-6,31.0,19.1,25.05,0.0
888,2017-6-7,23.6,15.8,19.7,0.0
889,2017-6-8,25.9,14.9,20.4,0.0
890,2017-6-9,28.6,14.9,21.75,0.0
891,2017-6-10,27.9,17.3,22.6,0.3
892,2017-6-11,28.6,14.9,21.75,0.0
893,2017-6-12,30.9,16.4,23.65,0.0
894,2017-6-13,28.5,21.6,25.05,0.0
895,2017-6-14,25.7,18.4,22.05,0.0
896,2017-6-15,28.7,16.7,22.7,0.0
897,2017-6-16,24.6,17.9,21.25,1.7
898,2017-6-17,20.6,15.8,18.2,0.0
899,2017-6-18,27.0,14.2,20.6,0.0
900,2017-6-19,31.0,18.5,24.75,0.0
901,2017-6-20,33.1,17.9,25.5,0.0
902,2017-6-21,33.3,20.4,26.85,0.0
903,2017-6-22,34.4,20.5,27.45,0.4
904,2017-6-23,32.3,21.2,26.75,0.0
905,2017-6-24,33.0,21.5,27.25,3.6
906,2017-6-25,30.2,20.4,25.3,3.8
907,2017-6-26,29.8,19.3,24.55,0.0
908,2017-6-27,31.7,19.0,25.35,0.0
909,2017-6-28,34.3,22.9,28.6,4.9
910,2017-6-29,28.1,18.8,23.45,1.8
911,2017-6-30,29.9,18.4,24.15,13.2
912,2017-7-1,27.6,16.9,22.25,2.3
913,2017-7-2,25.2,18.4,21.8,0.0
914,2017-7-3,26.1,18.3,22.2,0.0
915,2017-7-4,28.1,14.9,21.5,0.0
916,2017-7-5,30.9,18.8,24.85,0.0
917,2017-7-6,30.7,19.8,25.25,0.0
918,2017-7-7,30.8,19.4,25.1,0.4
919,2017-7-8,32.3,18.3,25.3,0.0
920,2017-7-9,32.6,20.5,26.55,0.1
921,2017-7-10,36.1,22.1,29.1,17.1
922,2017-7-11,29.8,19.6,24.7,4.5
923,2017-7-12,30.6,18.7,24.65,0.0
924,2017-7-13,28.3,19.3,23.8,0.0
925,2017-7-14,24.6,13.6,19.1,0.0
926,2017-7-15,23.4,15.6,19.5,0.9
927,2017-7-16,26.0,15.3,20.65,0.0
928,2017-7-17,30.1,14.9,22.5,0.0
929,2017-7-18,32.1,16.8,24.45,0.0
930,2017-7-19,33.7,19.1,26.4,0.0
931,2017-7-20,35.4,21.1,28.25,0.0
932,2017-7-21,31.9,22.3,27.1,0.0
933,2017-7-22,32.0,21.0,26.5,9.4
934,2017-7-23,32.6,20.4,26.5,0.0
935,2017-7-24,31.9,21.8,26.85,5.5
936,2017-7-25,23.4,15.8,19.6,0.0
937,2017-7-26,25.1,15.8,20.45,4.0
938,2017-7-27,20.9,14.9,17.9,0.0
939,2017-7-28,28.6,16.4,22.5,0.0
940,2017-7-29,29.5,18.8,24.15,0.0
941,2017-7-30,33.1,17.9,25.5,0.0
942,2017-7-31,35.5,21.5,28.5,0.0
943,2017-8-1,37.2,23.4,30.3,0.0
944,2017-8-2,36.8,23.4,30.1,0.0
945,2017-8-3,38.2,23.7,30.95,0.0
946,2017-8-4,39.3,24.4,31.85,0.0
947,2017-8-5,36.0,26.4,31.2,0.0
948,2017-8-6,33.0,20.0,26.5,35.1
949,2017-8-7,22.8,16.9,19.85,0.9
950,2017-8-8,28.5,15.6,22.05,0.0
951,2017-8-9,35.2,20.2,27.7,0.0
952,2017-8-10,37.4,24.2,30.8,0.0
953,2017-8-11,35.9,24.4,30.15,0.0
954,2017-8-12,32.1,18.2,25.15,0.0
955,2017-8-13,25.0,17.2,21.1,0.0
956,2017-8-14,29.2,15.4,22.3,0.0
957,2017-8-15,31.1,18.6,24.85,0.0
958,2017-8-16,33.8,17.6,25.7,0.0
959,2017-8-17,32.9,20.4,26.65,0.0
960,2017-8-18,35.1,20.4,27.75,0.0
961,2017-8-19,31.1,21.1,26.1,20.7
962,2017-8-20,23.3,16.8,20.05,0.0
963,2017-8-21,24.6,13.0,18.8,0.0
964,2017-8-22,24.1,14.9,19.5,0.0
965,2017-8-23,23.9,14.6,19.25,0.0
966,2017-8-24,29.4,12.2,20.8,0.0
967,2017-8-25,33.3,16.9,25.1,0.0
968,2017-8-26,35.2,18.9,27.05,0.0
969,2017-8-27,34.1,20.2,27.15,1.8
970,2017-8-28,27.8,19.9,23.85,0.0
971,2017-8-29,28.3,17.3,22.8,0.0
972,2017-8-30,29.2,14.9,22.05,0.0
973,2017-8-31,32.2,16.3,24.25,0.0
974,2017-9-1,33.7,19.5,26.6,0.0
975,2017-9-2,26.6,14.5,20.55,15.7
976,2017-9-3,18.1,13.6,15.85,0.0
977,2017-9-4,22.2,13.9,18.05,0.0
978,2017-9-5,23.4,11.4,17.4,0.0
979,2017-9-6,26.3,15.9,21.1,0.0
980,2017-9-7,22.4,16.9,19.65,0.0
981,2017-9-8,24.2,11.3,17.75,0.0
982,2017-9-9,27.3,13.9,20.6,0.0
983,2017-9-10,29.4,15.3,22.35,0.0
984,2017-9-11,30.5,18.9,24.7,4.4
985,2017-9-12,26.0,14.6,20.3,0.0
986,2017-9-13,23.3,13.8,18.55,0.0
987,2017-9-14,26.8,13.0,19.9,0.0
988,2017-9-15,21.3,11.8,16.55,0.1
989,2017-9-16,24.1,13.3,18.7,29.7
990,2017-9-17,18.2,15.8,17.0,1.7
991,2017-9-18,21.9,9.6,15.75,0.0
992,2017-9-19,16.3,13.0,14.65,3.1
993,2017-9-20,16.9,13.0,14.95,2.2
994,2017-9-21,12.3,10.9,11.6,14.5
995,2017-9-22,19.0,11.2,15.1,0.0
996,2017-9-23,16.3,11.6,13.95,0.0
997,2017-9-24,17.6,11.0,14.3,0.0
998,2017-9-25,20.6,10.2,15.4,0.0
999,2017-9-26,22.9,14.9,18.9,0.0
1000,2017-9-27,21.9,14.7,18.3,0.0
1001,2017-9-28,20.9,11.5,16.2,0.0
1002,2017-9-29,19.6,8.6,14.1,0.0
1003,2017-9-30,19.4,8.6,14.0,0.0
1004,2017-10-1,19.9,7.8,13.85,0.0
1005,2017-10-2,19.8,7.1,13.45,0.0
1006,2017-10-3,17.9,7.9,12.9,3.6
1007,2017-10-4,19.3,9.5,14.4,0.0
1008,2017-10-5,20.7,11.9,16.3,0.0
1009,2017-10-6,19.1,11.1,15.1,0.0
1010,2017-10-7,17.1,8.5,12.8,0.0
1011,2017-10-8,13.9,8.7,11.3,0.0
1012,2017-10-9,14.9,8.7,11.8,0.0
1013,2017-10-10,17.6,8.9,13.25,0.0
1014,2017-10-11,20.7,11.8,16.25,0.0
1015,2017-10-12,22.8,8.9,15.85,0.0
1016,2017-10-13,20.5,13.6,17.05,0.0
1017,2017-10-14,20.3,10.4,15.35,0.0
1018,2017-10-15,24.8,10.1,17.45,0.0
1019,2017-10-16,23.9,11.3,17.6,0.0
1020,2017-10-17,25.3,11.0,18.15,0.0
1021,2017-10-18,23.7,13.2,18.45,0.0
1022,2017-10-19,21.5,9.9,15.7,0.0
1023,2017-10-20,19.0,7.8,13.4,0.0
1024,2017-10-21,17.3,8.3,12.8,0.0
1025,2017-10-22,13.0,9.9,11.45,28.7
1026,2017-10-23,11.4,8.9,10.15,11.8
1027,2017-10-24,16.9,9.6,13.25,0.0
1028,2017-10-25,15.7,4.9,10.3,0.0
1029,2017-10-26,17.9,7.9,12.9,0.0
1030,2017-10-27,12.8,10.8,11.8,2.2
1031,2017-10-28,12.1,8.4,10.25,1.8
1032,2017-10-29,13.1,7.9,10.5,13.9
1033,2017-10-30,10.6,5.8,8.2,0.1
1034,2017-10-31,8.6,2.5,5.55,0.0
1035,2017-11-1,12.7,3.9,8.3,0.0
1036,2017-11-2,15.9,7.6,11.75,0.0
1037,2017-11-3,15.8,10.3,13.05,0.0
1038,2017-11-4,14.6,4.1,9.35,0.0
1039,2017-11-5,13.8,4.9,9.35,0.0
1040,2017-11-6,14.9,7.0,10.95,0.0
1041,2017-11-7,14.4,6.7,10.55,0.0
1042,2017-11-8,10.5,8.4,9.45,0.3
1043,2017-11-9,10.8,7.5,9.15,0.0
1044,2017-11-10,11.2,8.6,9.9,1.3
1045,2017-11-11,10.9,6.9,8.9,0.4
1046,2017-11-12,10.6,5.4,8.0,7.6
1047,2017-11-13,9.7,5.5,7.6,4.5
1048,2017-11-14,9.6,4.3,6.95,0.0
1049,2017-11-15,9.4,-0.4,4.5,0.0
1050,2017-11-16,8.5,3.2,5.85,0.0
1051,2017-11-17,8.2,5.3,6.75,3.1
1052,2017-11-18,9.6,4.8,7.2,0.0
1053,2017-11-19,8.1,4.3,6.2,0.4
1054,2017-11-20,8.1,2.6,5.35,0.0
1055,2017-11-21,5.5,3.0,4.25,1.2
1056,2017-11-22,14.3,6.2,10.25,0.0
1057,2017-11-23,7.2,3.9,5.55,0.0
1058,2017-11-24,7.3,6.1,6.7,0.0
1059,2017-11-25,8.1,5.8,6.95,0.3
1060,2017-11-26,7.8,5.3,6.55,0.0
1061,2017-11-27,6.7,1.8,4.25,0.0
1062,2017-11-28,7.4,-1.2,3.1,0.0
1063,2017-11-29,3.7,1.8,2.75,14.4
1064,2017-12-1,5.9,1.3,3.6,0.0
1065,2017-12-2,3.6,-1.9,0.85,0.0
1066,2017-12-3,1.8,-0.4,0.7,0.0
1067,2017-12-4,3.4,0.2,1.8,0.0
1068,2017-12-5,5.4,1.3,3.35,0.1
1069,2017-12-6,7.0,5.2,6.1,0.0
1070,2017-12-7,6.9,1.1,4.0,0.0
1071,2017-12-8,6.8,1.0,3.9,11.2
1072,2017-12-9,3.6,2.4,3.0,0.0
1073,2017-12-10,4.1,-0.7,1.7,0.8
1074,2017-12-11,10.9,2.1,6.5,0.0
1075,2017-12-12,14.6,8.9,11.75,4.8
1076,2017-12-13,6.3,2.7,4.5,0.0
1077,2017-12-14,5.3,1.0,3.15,0.0
1078,2017-12-15,8.8,3.8,6.3,5.4
1079,2017-12-16,6.3,3.5,4.9,0.0
1080,2017-12-17,5.4,-0.8,2.3,0.0
1081,2017-12-18,3.1,-0.7,1.2,0.0
1082,2017-12-19,1.9,-2.1,-0.1,0.0
1083,2017-12-20,0.7,-4.7,-2.0,0.0
1084,2017-12-21,2.5,-3.2,-0.35,1.3
1085,2017-12-22,5.9,1.0,3.45,0.0
1086,2017-12-23,7.2,3.9,5.55,0.0
1087,2017-12-24,11.1,6.4,8.75,0.0
1088,2017-12-25,10.9,3.6,7.25,0.0
1089,2017-12-26,6.1,1.1,3.6,0.0
1090,2017-12-27,12.6,2.9,7.75,0.0
1091,2017-12-28,8.3,5.9,7.1,2.2
1092,2017-12-29,4.2,2.1,3.15,0.0
1093,2017-12-30,2.5,-2.5,0.0,1.6
1094,2017-12-31,6.9,1.3,4.1,0.6
1095,2018-1-1,5.9,0.9,3.4,2.2
1096,2018-1-2,7.6,3.9,5.75,0.0
1097,2018-1-3,6.7,2.4,4.55,2.2
1098,2018-1-4,11.5,3.6,7.55,0.4
1099,2018-1-5,10.1,4.8,7.45,0.0
1100,2018-1-6,10.6,4.9,7.75,0.0
1101,2018-1-7,8.3,5.8,7.05,0.0
1102,2018-1-8,12.1,7.6,9.85,0.0
1103,2018-1-9,8.4,6.4,7.4,0.0
1104,2018-1-10,6.8,4.0,5.4,1.7
1105,2018-1-11,7.3,4.9,6.1,0.0
1106,2018-1-12,6.1,5.1,5.6,1.5
1107,2018-1-13,5.8,5.0,5.4,1.2
1108,2018-1-14,2.1,-0.9,0.6,0.0
1109,2018-1-15,-0.3,-1.5,-0.9,0.0
1110,2018-1-16,-1.1,-2.1,-1.6,1.2
1111,2018-1-17,4.7,-1.1,1.8,0.0
1112,2018-1-18,6.9,1.7,4.3,0.6
1113,2018-1-19,6.6,4.6,5.6,1.3
1114,2018-1-20,6.5,0.3,3.4,3.6
1115,2018-1-21,1.9,0.5,1.2,3.6
1116,2018-1-22,4.8,-1.1,1.85,0.0
1117,2018-1-23,2.7,-0.7,1.0,0.0
1118,2018-1-24,4.9,1.3,3.1,0.0
1119,2018-1-25,4.7,-0.6,2.05,0.0
1120,2018-1-26,3.8,1.6,2.7,0.0
1121,2018-1-27,6.7,1.2,3.95,0.0
1122,2018-1-28,9.5,1.0,5.25,0.0
1123,2018-1-29,15.1,2.9,9.0,0.0
1124,2018-1-30,11.3,2.9,7.1,0.0
1125,2018-1-31,6.9,2.2,4.55,0.0
1126,2018-2-1,13.3,4.1,8.7,0.4
1127,2018-2-2,11.1,2.3,6.7,5.2
1128,2018-2-3,3.9,1.8,2.85,5.4
1129,2018-2-4,8.1,1.3,4.7,0.0
1130,2018-2-5,6.6,-0.6,3.0,0.0
1131,2018-2-6,3.3,-0.1,1.6,0.0
1132,2018-2-7,3.6,-1.0,1.3,7.4
1133,2018-2-8,4.8,2.9,3.85,3.8
1134,2018-2-9,3.9,-0.4,1.75,0.0
1135,2018-2-10,4.9,0.7,2.8,0.0
1136,2018-2-11,7.2,-0.1,3.55,0.0
1137,2018-2-12,5.3,-0.7,2.3,1.4
1138,2018-2-13,2.5,1.0,1.75,9.0
1139,2018-2-14,2.5,0.5,1.5,4.5
1140,2018-2-15,7.2,0.7,3.95,0.0
1141,2018-2-16,4.4,0.1,2.25,0.0
1142,2018-2-17,3.9,-0.6,1.65,5.5
1143,2018-2-18,7.2,0.0,3.6,0.0
1144,2018-2-19,5.5,-0.5,2.5,0.0
1145,2018-2-20,2.9,0.4,1.65,13.8
1146,2018-2-21,2.9,0.7,1.8,2.1
1147,2018-2-22,4.1,0.7,2.4,1.3
1148,2018-2-23,2.9,-0.1,1.4,0.2
1149,2018-2-24,4.2,-0.6,1.8,0.0
1150,2018-2-25,-0.2,-6.7,-3.45,0.0
1151,2018-2-26,-1.7,-8.8,-5.25,0.0
1152,2018-2-27,-1.8,-8.2,-5.0,2.4
1153,2018-2-28,-3.1,-8.5,-5.8,0.0
1154,2018-3-1,-2.6,-8.9,-5.75,0.0
1155,2018-3-2,-2.8,-5.7,-4.25,2.3
1156,2018-3-3,3.5,-3.9,-0.2,0.0
1157,2018-3-4,0.5,-2.7,-1.1,0.0
1158,2018-3-5,3.6,-3.9,-0.15,0.0
1159,2018-3-6,4.1,2.1,3.1,6.7
1160,2018-3-7,9.9,2.8,6.35,0.0
1161,2018-3-8,9.1,2.4,5.75,4.0
1162,2018-3-9,13.9,1.5,7.7,0.0
1163,2018-3-10,16.3,4.5,10.4,0.0
1164,2018-3-11,16.3,5.3,10.8,0.6
1165,2018-3-12,18.4,11.0,14.7,0.3
1166,2018-3-13,15.6,8.4,12.0,0.0
1167,2018-3-14,13.0,7.1,10.05,0.0
1168,2018-3-15,8.5,3.3,5.9,1.3
1169,2018-3-16,8.1,5.6,6.85,15.3
1170,2018-3-17,7.9,3.3,5.6,13.4
1171,2018-3-18,1.4,-0.8,0.3,0.0
1172,2018-3-19,1.8,-2.7,-0.45,0.0
1173,2018-3-20,1.8,-2.5,-0.35,0.0
1174,2018-3-21,5.8,-0.6,2.6,0.0
1175,2018-3-22,6.4,-1.5,2.45,0.0
1176,2018-3-23,9.2,-0.7,4.25,0.0
1177,2018-3-24,5.1,-0.2,2.45,0.0
1178,2018-3-25,7.5,-0.4,3.55,0.0
1179,2018-3-26,10.3,3.9,7.1,0.0
1180,2018-3-27,11.4,5.1,8.25,0.0
1181,2018-3-28,11.8,2.9,7.35,0.0
1182,2018-3-29,10.8,6.6,8.7,8.6
1183,2018-3-30,15.0,7.2,11.1,6.3
1184,2018-3-31,17.1,10.2,13.65,15.3
1185,2018-4-1,12.4,6.8,9.6,0.0
1186,2018-4-2,13.3,5.1,9.2,0.0
1187,2018-4-3,20.5,5.8,13.15,0.0
1188,2018-4-4,19.8,10.3,15.05,0.0
1189,2018-4-5,19.2,10.2,14.7,0.0
1190,2018-4-6,16.8,9.6,13.2,0.1
1191,2018-4-7,15.2,10.3,12.75,0.0
1192,2018-4-8,22.9,8.6,15.75,0.0
1193,2018-4-9,25.3,12.2,18.75,0.0
1194,2018-4-10,21.2,12.6,16.9,0.0
1195,2018-4-11,23.2,9.9,16.55,0.0
1196,2018-4-12,27.7,12.9,20.3,4.9
1197,2018-4-13,23.0,14.3,18.65,1.8
1198,2018-4-14,25.8,10.5,18.15,0.0
1199,2018-4-15,24.9,15.7,20.3,0.1
1200,2018-4-16,20.6,17.9,19.25,0.2
1201,2018-4-17,22.2,15.4,18.8,0.0
1202,2018-4-18,24.5,15.9,20.2,0.0
1203,2018-4-19,26.7,12.3,19.5,0.0
1204,2018-4-20,26.4,16.3,21.35,0.0
1205,2018-4-21,26.9,11.1,19.0,0.0
1206,2018-4-22,29.5,12.3,20.9,0.0
1207,2018-4-23,29.6,15.8,22.7,2.8
1208,2018-4-24,25.6,17.1,21.35,0.0
1209,2018-4-25,28.6,13.3,20.95,0.0
1210,2018-4-26,22.8,14.2,18.5,1.8
1211,2018-4-27,21.5,10.7,16.1,0.0
1212,2018-4-28,26.2,11.6,18.9,0.0
1213,2018-4-29,31.1,16.5,23.8,0.0
1214,2018-4-30,29.6,17.3,23.45,2.0
1215,2018-5-1,26.7,14.4,20.55,0.9
1216,2018-5-2,30.4,16.1,23.25,0.0
1217,2018-5-3,30.3,16.4,23.35,0.0
1218,2018-5-4,30.4,16.6,23.5,0.0
1219,2018-5-5,28.6,19.1,23.85,0.0
1220,2018-5-6,26.2,17.3,21.75,0.0
1221,2018-5-7,25.9,15.6,20.75,0.0
1222,2018-5-8,25.6,16.2,20.9,0.0
1223,2018-5-9,25.5,15.6,20.55,1.1
1224,2018-5-10,28.0,16.9,22.45,0.0
1225,2018-5-11,28.2,15.4,21.8,0.0
1226,2018-5-12,30.4,15.3,22.85,0.9
1227,2018-5-13,27.7,16.8,22.25,0.0
1228,2018-5-14,23.7,15.2,19.45,6.0
1229,2018-5-15,20.4,10.8,15.6,12.5
1230,2018-5-16,19.5,11.3,15.4,0.2
1231,2018-5-17,20.4,12.1,16.25,0.0
1232,2018-5-18,21.9,14.6,18.25,0.0
1233,2018-5-19,24.8,13.8,19.3,2.4
1234,2018-5-20,24.5,13.6,19.05,0.0
1235,2018-5-21,26.4,15.1,20.75,0.0
1236,2018-5-22,26.5,15.4,20.95,0.0
1237,2018-5-23,28.1,17.5,22.8,0.0
1238,2018-5-24,30.5,18.5,24.5,0.0
1239,2018-5-25,22.7,16.3,19.5,12.6
1240,2018-5-26,28.6,15.4,22.0,0.0
1241,2018-5-27,31.1,17.3,24.2,0.0
1242,2018-5-28,32.3,19.4,25.85,0.0
1243,2018-5-29,30.9,19.5,25.2,0.0
1244,2018-5-30,30.4,19.3,24.85,0.0
1245,2018-5-31,32.0,18.2,25.1,0.0
1246,2018-6-1,32.1,19.8,25.95,0.0
1247,2018-6-2,30.0,19.4,24.7,0.8
1248,2018-6-3,29.5,19.1,24.3,0.0
1249,2018-6-4,30.3,18.5,24.4,0.0
1250,2018-6-5,30.9,19.8,25.35,0.0
1251,2018-6-6,29.2,20.1,24.65,0.0
1252,2018-6-7,25.4,17.3,21.35,2.2
1253,2018-6-8,31.6,18.6,25.1,16.2
1254,2018-6-9,26.2,17.5,21.85,1.6
1255,2018-6-10,30.7,20.3,25.5,16.9
1256,2018-6-11,31.8,19.8,25.8,0.0
1257,2018-6-12,32.4,20.7,26.55,4.5
1258,2018-6-13,25.5,17.6,21.55,0.0
1259,2018-6-14,22.9,15.8,19.35,9.4
1260,2018-6-15,25.0,16.9,20.95,0.0
1261,2018-6-16,26.7,20.8,23.75,0.0
1262,2018-6-17,30.1,20.9,25.5,0.0
1263,2018-6-18,26.3,18.2,22.25,0.0
1264,2018-6-19,29.5,21.1,25.3,0.0
1265,2018-6-20,33.4,21.5,27.45,0.0
1266,2018-6-21,32.9,22.1,27.5,14.4
1267,2018-6-22,29.9,15.3,22.6,0.0
1268,2018-6-23,20.3,11.4,15.85,0.0
1269,2018-6-24,20.6,12.4,16.5,0.0
1270,2018-6-25,24.1,14.3,19.2,0.0
1271,2018-6-26,25.9,14.4,20.15,0.0
1272,2018-6-27,22.8,14.4,18.6,4.8
1273,2018-6-28,27.7,15.3,21.5,20.6
1274,2018-6-29,28.9,18.5,23.7,0.0
1275,2018-6-30,26.6,20.8,23.7,0.0
1276,2018-7-1,22.6,13.2,17.9,0.0
1277,2018-7-2,25.6,11.5,18.55,0.0
1278,2018-7-3,28.8,13.6,21.2,0.0
1279,2018-7-4,29.3,15.6,22.45,0.0
1280,2018-7-5,32.2,18.1,25.15,0.0
1281,2018-7-6,29.9,19.9,24.9,1.7
1282,2018-7-7,28.0,18.7,23.35,0.0
1283,2018-7-8,28.8,20.1,24.45,0.0
1284,2018-7-9,30.3,17.0,23.65,0.0
1285,2018-7-10,31.5,18.1,24.8,0.0
1286,2018-7-11,25.6,18.7,22.15,1.2
1287,2018-7-12,26.9,16.9,21.9,0.0
1288,2018-7-13,28.5,17.4,22.95,0.0
1289,2018-7-14,30.5,17.8,24.15,0.0
1290,2018-7-15,30.9,20.1,25.5,0.0
1291,2018-7-16,30.8,18.9,24.85,0.0
1292,2018-7-17,30.2,20.3,25.25,0.0
1293,2018-7-18,25.6,20.9,23.25,0.2
1294,2018-7-19,27.9,18.6,23.25,0.0
1295,2018-7-20,30.5,19.9,25.2,0.0
1296,2018-7-21,32.4,19.3,25.85,6.3
1297,2018-7-22,28.5,19.6,24.05,0.0
1298,2018-7-23,29.5,19.6,24.55,6.3
1299,2018-7-24,32.3,20.8,26.55,0.0
1300,2018-7-25,32.6,19.6,26.1,0.0
1301,2018-7-26,32.4,21.6,27.0,2.0
1302,2018-7-27,33.6,21.6,27.6,0.5
1303,2018-7-28,31.9,21.8,26.85,6.3
1304,2018-7-29,35.2,22.6,28.9,0.0
1305,2018-7-30,35.1,24.6,29.85,0.0
1306,2018-7-31,33.2,23.9,28.55,0.6
1307,2018-8-1,33.2,24.1,28.65,14.5
1308,2018-8-2,31.2,21.3,26.25,6.2
1309,2018-8-3,32.2,21.6,26.9,0.0
1310,2018-8-4,33.9,21.1,27.5,0.0
1311,2018-8-5,34.8,20.9,27.85,0.4
1312,2018-8-6,33.9,20.1,27.0,0.0
1313,2018-8-7,34.3,21.6,27.95,0.0
1314,2018-8-8,35.3,22.1,28.7,0.0
1315,2018-8-9,35.9,23.0,29.45,0.0
1316,2018-8-10,35.1,23.3,29.2,0.0
1317,2018-8-11,31.6,20.4,26.0,0.8
1318,2018-8-12,32.8,19.6,26.2,0.0
1319,2018-8-13,33.7,19.7,26.7,0.0
1320,2018-8-14,32.6,19.6,26.1,6.3
1321,2018-8-15,27.5,20.5,24.0,0.0
1322,2018-8-16,31.3,19.2,25.25,0.0
1323,2018-8-17,32.9,20.4,26.65,0.0
1324,2018-8-18,34.2,20.4,27.3,0.0
1325,2018-8-19,34.5,22.0,28.25,0.0
1326,2018-8-20,35.4,21.3,28.35,0.0
1327,2018-8-21,35.8,21.6,28.7,0.7
1328,2018-8-22,33.9,21.4,27.65,0.0
1329,2018-8-23,34.6,22.3,28.45,0.0
1330,2018-8-24,33.3,20.1,26.7,0.1
1331,2018-8-25,26.6,19.6,23.1,8.1
1332,2018-8-26,21.2,14.1,17.65,0.3
1333,2018-8-27,25.9,15.6,20.75,0.0
1334,2018-8-28,29.3,14.1,21.7,0.0
1335,2018-8-29,28.9,16.5,22.7,0.0
1336,2018-8-30,30.4,16.9,23.65,0.0
1337,2018-8-31,31.3,18.2,24.75,0.0
1338,2018-9-1,29.8,20.3,25.05,47.7
1339,2018-9-2,27.9,17.4,22.65,2.7
1340,2018-9-3,25.4,18.9,22.15,6.5
1341,2018-9-4,22.0,17.8,19.9,7.2
1342,2018-9-5,27.3,15.3,21.3,0.0
1343,2018-9-6,28.3,18.0,23.15,0.0
1344,2018-9-7,27.8,16.2,22.0,0.0
1345,2018-9-8,28.2,17.7,22.95,0.0
1346,2018-9-9,27.7,15.4,21.55,0.0
1347,2018-9-10,27.2,14.9,21.05,0.0
1348,2018-9-11,28.4,15.9,22.15,0.0
1349,2018-9-12,30.7,16.2,23.45,0.0
1350,2018-9-13,30.3,17.0,23.65,0.0
1351,2018-9-14,30.8,16.8,23.8,0.0
1352,2018-9-15,26.2,18.3,22.25,0.0
1353,2018-9-16,26.4,15.2,20.8,0.0
1354,2018-9-17,27.2,15.3,21.25,0.0
1355,2018-9-18,28.2,15.8,22.0,0.0
1356,2018-9-19,28.8,16.4,22.6,0.0
1357,2018-9-20,29.5,17.8,23.65,0.0
1358,2018-9-21,29.8,16.8,23.3,0.0
1359,2018-9-22,23.9,13.1,18.5,0.1
1360,2018-9-23,20.9,13.4,17.15,1.8
1361,2018-9-24,18.1,11.1,14.6,0.0
1362,2018-9-25,14.5,7.5,11.0,0.0
1363,2018-9-26,17.3,4.9,11.1,0.0
1364,2018-9-27,21.6,5.4,13.5,0.0
1365,2018-9-28,22.5,9.1,15.8,0.0
1366,2018-9-29,17.3,12.1,14.7,0.0
1367,2018-9-30,18.7,8.5,13.6,0.0
1368,2018-10-1,16.2,9.5,12.85,0.4
1369,2018-10-2,13.3,9.5,11.4,0.9
1370,2018-10-3,18.6,6.4,12.5,0.3
1371,2018-10-4,17.6,7.5,12.55,0.0
1372,2018-10-5,19.9,6.3,13.1,0.0
1373,2018-10-6,23.3,8.8,16.05,0.0
1374,2018-10-7,22.8,13.5,18.15,0.0
1375,2018-10-8,23.4,13.3,18.35,0.0
1376,2018-10-9,24.8,12.1,18.45,0.0
1377,2018-10-10,25.1,12.1,18.6,0.0
1378,2018-10-11,25.1,11.9,18.5,0.0
1379,2018-10-12,23.4,11.5,17.45,0.0
1380,2018-10-13,24.1,10.9,17.5,0.0
1381,2018-10-14,22.5,10.6,16.55,0.0
1382,2018-10-15,22.4,10.9,16.65,0.0
1383,2018-10-16,22.1,9.9,16.0,0.0
1384,2018-10-17,23.8,12.6,18.2,0.0
1385,2018-10-18,21.7,11.9,16.8,0.0
1386,2018-10-19,16.6,13.0,14.8,0.1
1387,2018-10-20,19.3,9.8,14.55,0.1
1388,2018-10-21,14.7,6.6,10.65,3.1
1389,2018-10-22,17.8,10.9,14.35,0.0
1390,2018-10-23,13.0,10.1,11.55,0.0
1391,2018-10-24,13.3,7.3,10.3,3.6
1392,2018-10-25,11.9,5.4,8.65,0.2
1393,2018-10-26,15.6,9.8,12.7,0.0
1394,2018-10-27,19.1,10.1,14.6,1.3
1395,2018-10-28,22.2,11.0,16.6,8.2
1396,2018-10-29,24.2,14.4,19.3,4.5
1397,2018-10-30,21.4,14.2,17.8,0.0
1398,2018-10-31,20.9,8.2,14.55,0.0
1399,2018-11-1,18.3,11.3,14.8,0.0
1400,2018-11-2,20.4,13.3,16.85,0.0
1401,2018-11-3,20.2,14.2,17.2,0.0
1402,2018-11-4,21.9,11.9,16.9,0.0
1403,2018-11-5,19.7,10.3,15.0,0.0
1404,2018-11-6,17.1,8.3,12.7,0.0
1405,2018-11-7,15.6,8.4,12.0,0.0
1406,2018-11-8,17.3,7.3,12.3,0.0
1407,2018-11-9,16.1,6.5,11.3,0.0
1408,2018-11-10,11.8,5.5,8.65,0.0
1409,2018-11-11,9.9,4.2,7.05,0.0
1410,2018-11-12,16.5,7.2,11.85,0.0
1411,2018-11-13,15.8,8.3,12.05,0.0
1412,2018-11-14,14.4,9.5,11.95,0.0
1413,2018-11-15,11.6,4.8,8.2,0.0
1414,2018-11-16,11.6,5.6,8.6,0.0
1415,2018-11-17,8.9,2.9,5.9,0.0
1416,2018-11-18,7.8,3.6,5.7,0.1
1417,2018-11-19,5.9,2.0,3.95,1.2
1418,2018-11-20,4.1,2.7,3.4,6.2
1419,2018-11-21,6.8,4.1,5.45,1.9
1420,2018-11-22,6.5,5.0,5.75,0.3
1421,2018-11-23,8.1,5.5,6.8,0.0
1422,2018-11-24,7.3,4.5,5.9,5.3
1423,2018-11-25,7.3,5.4,6.35,14.0
1424,2018-11-26,8.8,6.2,7.5,11.2
1425,2018-11-27,6.1,2.9,4.5,2.2
1426,2018-11-28,4.4,1.1,2.75,0.0
1427,2018-11-29,1.8,-2.5,-0.35,0.0
1428,2018-11-30,-0.6,-2.6,-1.6,0.0
1429,2018-12-1,-1.1,-5.1,-3.1,0.0
1430,2018-12-2,1.4,-1.2,0.1,0.1
1431,2018-12-3,3.9,-0.1,1.9,2.7
1432,2018-12-4,11.9,3.1,7.5,0.2
1433,2018-12-5,8.6,3.2,5.9,0.0
1434,2018-12-6,4.7,-0.7,2.0,0.0
1435,2018-12-7,5.6,1.6,3.6,4.0
1436,2018-12-8,7.3,1.1,4.2,0.4
1437,2018-12-9,5.8,1.3,3.55,0.9
1438,2018-12-10,7.5,3.5,5.5,0.8
1439,2018-12-11,4.1,0.5,2.3,1.3
1440,2018-12-12,4.4,1.3,2.85,0.0
1441,2018-12-13,4.3,-1.3,1.5,0.0
1442,2018-12-14,1.2,-4.2,-1.5,3.3
1443,2018-12-15,0.0,-1.0,-0.5,2.6
1444,2018-12-16,2.4,-2.2,0.1,0.0
1445,2018-12-17,-0.5,-5.3,-2.9,0.0
1446,2018-12-18,2.9,-6.1,-1.6,0.0
1447,2018-12-19,-1.2,-7.2,-4.2,0.0
1448,2018-12-20,-2.9,-7.8,-5.35,0.1
1449,2018-12-21,0.7,-2.7,-1.0,0.1
1450,2018-12-22,9.5,-0.9,4.3,4.7
1451,2018-12-23,10.1,5.0,7.55,8.5
1452,2018-12-24,7.3,3.1,5.2,1.2
1453,2018-12-25,3.8,0.6,2.2,0.0
1454,2018-12-26,5.3,3.5,4.4,0.0
1455,2018-12-27,7.4,2.6,5.0,0.2
1456,2018-12-28,8.3,4.2,6.25,0.4
1457,2018-12-29,8.3,4.8,6.55,0.0
1458,2018-12-30,5.7,3.6,4.65,0.9
1459,2018-12-31,7.0,3.3,5.15,0.0
1460,2019-1-1,3.2,-1.8,0.7,2.7
1461,2019-1-2,4.9,2.1,3.5,0.0
1462,2019-1-3,1.2,-1.6,-0.2,0.0
1463,2019-1-4,0.9,-2.5,-0.8,2.0
1464,2019-1-5,2.9,-2.7,0.1,0.5
1465,2019-1-6,3.6,-0.2,1.7,0.0
1466,2019-1-7,-0.1,-5.3,-2.7,0.0
1467,2019-1-8,-1.6,-5.5,-3.55,9.0
1468,2019-1-9,-0.2,-3.5,-1.85,0.0
1469,2019-1-10,2.0,-2.5,-0.25,0.0
1470,2019-1-11,1.3,-2.4,-0.55,0.3
1471,2019-1-12,4.3,-2.7,0.8,0.3
1472,2019-1-13,5.9,1.7,3.8,4.9
1473,2019-1-14,6.6,1.9,4.25,0.0
1474,2019-1-15,4.1,-0.9,1.6,0.0
1475,2019-1-16,7.3,4.1,5.7,0.0
1476,2019-1-17,11.2,-0.5,5.35,0.0
1477,2019-1-18,6.7,2.7,4.7,0.0
1478,2019-1-19,3.1,-1.9,0.6,0.9
1479,2019-1-20,0.9,-1.3,-0.2,0.1
1480,2019-1-21,2.2,-4.2,-1.0,0.0
1481,2019-1-22,-0.1,-3.1,-1.6,0.2
1482,2019-1-23,-1.1,-4.5,-2.8,1.4
1483,2019-1-24,3.3,-1.3,1.0,0.3
1484,2019-1-25,-1.1,-3.7,-2.4,0.0
1485,2019-1-26,1.9,-3.4,-0.75,0.0
1486,2019-1-27,4.5,-0.7,1.9,0.0
1487,2019-1-28,1.0,-0.1,0.45,6.3
1488,2019-1-29,5.6,-0.4,2.6,0.0
1489,2019-1-30,2.5,0.2,1.35,0.0
1490,2019-1-31,5.9,-0.6,2.65,0.0
1491,2019-2-1,3.9,0.8,2.35,3.0
1492,2019-2-2,10.0,3.0,6.5,0.0
1493,2019-2-3,8.9,7.2,8.05,5.4
1494,2019-2-4,8.5,2.4,5.45,0.0
1495,2019-2-5,5.3,1.8,3.55,0.0
1496,2019-2-6,6.8,-0.7,3.05,0.0
1497,2019-2-7,6.4,-3.2,1.6,0.0
1498,2019-2-8,5.8,-0.6,2.6,0.0
1499,2019-2-9,6.4,1.8,4.1,0.0
1500,2019-2-10,7.2,-0.1,3.55,0.9
1501,2019-2-11,8.5,5.8,7.15,0.0
1502,2019-2-12,6.2,2.9,4.55,0.0
1503,2019-2-13,5.3,0.5,2.9,0.0
1504,2019-2-14,11.8,4.5,8.15,0.0
1505,2019-2-15,11.7,1.6,6.65,0.0
1506,2019-2-16,12.4,3.0,7.7,0.0
1507,2019-2-17,14.8,0.4,7.6,0.0
1508,2019-2-18,14.5,1.1,7.8,0.0
1509,2019-2-19,14.2,2.5,8.35,0.0
1510,2019-2-20,11.9,4.4,8.15,0.0
1511,2019-2-21,12.8,2.1,7.45,0.0
1512,2019-2-22,12.9,2.3,7.6,0.0
1513,2019-2-23,3.5,-3.9,-0.2,0.0
1514,2019-2-24,4.6,-3.6,0.5,0.0
1515,2019-2-25,9.9,-0.8,4.55,0.0
1516,2019-2-26,14.8,1.8,8.3,0.0
1517,2019-2-27,15.1,4.9,10.0,0.0
1518,2019-2-28,20.2,4.9,12.55,0.0
1519,2019-3-1,14.3,9.1,11.7,1.3
1520,2019-3-2,10.9,4.9,7.9,0.0
1521,2019-3-3,13.1,4.9,9.0,0.0
1522,2019-3-4,18.4,4.6,11.5,0.0
1523,2019-3-5,14.6,8.1,11.35,2.7
1524,2019-3-6,13.9,4.3,9.1,0.0
1525,2019-3-7,17.3,7.3,12.3,0.0
1526,2019-3-8,15.3,9.1,12.2,0.4
1527,2019-3-9,15.3,8.4,11.85,1.8
1528,2019-3-10,13.6,9.1,11.35,0.1
1529,2019-3-11,13.4,6.1,9.75,0.0
1530,2019-3-12,10.8,2.7,6.75,0.0
1531,2019-3-13,8.8,0.2,4.5,1.6
1532,2019-3-14,11.5,2.4,6.95,0.6
1533,2019-3-15,12.3,5.3,8.8,2.0
1534,2019-3-16,11.9,6.5,9.2,0.0
1535,2019-3-17,22.1,3.9,13.0,0.0
1536,2019-3-18,18.0,8.1,13.05,0.0
1537,2019-3-19,11.3,5.4,8.35,0.0
1538,2019-3-20,12.7,2.5,7.6,0.0
1539,2019-3-21,15.4,1.1,8.25,0.0
1540,2019-3-22,19.1,3.6,11.35,0.0
1541,2019-3-23,20.5,6.8,13.65,0.0
1542,2019-3-24,23.5,7.9,15.7,0.0
1543,2019-3-25,18.0,9.5,13.75,0.0
1544,2019-3-26,12.8,4.4,8.6,0.0
1545,2019-3-27,14.2,6.4,10.3,0.0
1546,2019-3-28,16.5,3.3,9.9,0.0
1547,2019-3-29,18.3,4.9,11.6,0.0
1548,2019-3-30,20.5,5.1,12.8,0.0
1549,2019-3-31,23.3,5.4,14.35,0.0
1550,2019-4-1,21.1,12.1,16.6,0.0
1551,2019-4-2,19.9,7.1,13.5,0.0
1552,2019-4-3,19.8,8.5,14.15,0.0
1553,2019-4-4,20.9,9.4,15.15,0.0
1554,2019-4-5,19.9,9.8,14.85,3.1
1555,2019-4-6,16.4,8.7,12.55,0.0
1556,2019-4-7,19.5,6.6,13.05,0.0
1557,2019-4-8,24.1,10.8,17.45,2.2
1558,2019-4-9,23.8,13.2,18.5,0.0
1559,2019-4-10,22.3,13.9,18.1,4.9
1560,2019-4-11,16.5,10.3,13.4,0.0
1561,2019-4-12,11.8,7.6,9.7,0.3
1562,2019-4-13,13.9,6.9,10.4,0.9
1563,2019-4-14,15.6,7.4,11.5,0.0
1564,2019-4-15,17.6,8.8,13.2,0.0
1565,2019-4-16,19.1,6.5,12.8,0.0
1566,2019-4-17,18.9,6.8,12.85,0.0
1567,2019-4-18,21.8,10.1,15.95,0.0
1568,2019-4-19,23.9,12.4,18.15,0.0
1569,2019-4-20,23.6,9.3,16.45,0.0
1570,2019-4-21,24.1,11.8,17.95,0.0
1571,2019-4-22,19.8,9.8,14.8,0.0
1572,2019-4-23,15.3,8.9,12.1,1.3
1573,2019-4-24,24.6,10.5,17.55,0.0
1574,2019-4-25,26.6,13.1,19.85,0.0
1575,2019-4-26,29.1,14.4,21.75,5.4
1576,2019-4-27,25.3,10.9,18.1,0.0
1577,2019-4-28,16.7,11.3,14.0,0.0
1578,2019-4-29,14.5,8.8,11.65,0.8
1579,2019-4-30,18.9,9.6,14.25,0.0
1580,2019-5-1,20.9,12.1,16.5,0.0
1581,2019-5-2,23.3,11.3,17.3,0.0
1582,2019-5-3,18.8,11.7,15.25,1.8
1583,2019-5-4,15.7,10.7,13.2,8.5
1584,2019-5-5,12.3,8.3,10.3,16.6
1585,2019-5-6,7.8,6.1,6.95,10.8
1586,2019-5-7,15.6,6.9,11.25,0.0
1587,2019-5-8,18.6,4.9,11.75,1.3
1588,2019-5-9,12.3,9.5,10.9,2.7
1589,2019-5-10,20.1,8.4,14.25,0.0
1590,2019-5-11,23.8,9.6,16.7,0.0
1591,2019-5-12,23.8,13.4,18.6,0.0
1592,2019-5-13,22.2,13.2,17.7,6.7
1593,2019-5-14,16.4,6.7,11.55,2.7
1594,2019-5-15,12.1,7.9,10.0,5.8
1595,2019-5-16,14.8,9.1,11.95,0.0
1596,2019-5-17,17.9,7.3,12.6,0.0
1597,2019-5-18,24.7,10.8,17.75,0.0
1598,2019-5-19,25.3,12.6,18.95,22.5
1599,2019-5-20,22.8,13.1,17.95,4.0
1600,2019-5-21,21.4,11.9,16.65,3.6
1601,2019-5-22,16.9,14.1,15.5,8.5
1602,2019-5-23,17.8,13.1,15.45,0.0
1603,2019-5-24,22.3,12.1,17.2,0.0
1604,2019-5-25,25.6,12.4,19.0,0.0
1605,2019-5-26,29.1,13.1,21.1,0.0
1606,2019-5-27,25.4,16.1,20.75,2.2
1607,2019-5-28,22.3,15.2,18.75,11.2
1608,2019-5-29,24.4,15.1,19.75,32.4
1609,2019-5-30,17.0,12.1,14.55,1.8
1610,2019-5-31,23.5,12.4,17.95,0.0
1611,2019-6-1,27.1,15.8,21.45,0.0
1612,2019-6-2,27.8,18.4,23.1,2.9
1613,2019-6-3,29.6,16.6,23.1,0.1
1614,2019-6-4,28.9,18.9,23.9,0.0
1615,2019-6-5,26.6,17.3,21.95,0.8
1616,2019-6-6,25.8,17.1,21.45,0.0
1617,2019-6-7,28.7,17.9,23.3,0.0
1618,2019-6-8,30.2,17.3,23.75,0.0
1619,2019-6-9,32.4,17.7,25.05,0.0
1620,2019-6-10,33.2,20.6,26.9,0.0
1621,2019-6-11,34.2,21.6,27.9,0.0
1622,2019-6-12,34.4,21.6,28.0,0.0
1623,2019-6-13,35.9,23.1,29.5,0.0
1624,2019-6-14,35.8,22.2,29.0,0.0
1625,2019-6-15,35.5,22.4,28.95,0.0
1626,2019-6-16,35.2,22.6,28.9,2.2
1627,2019-6-17,28.6,19.8,24.2,0.0
1628,2019-6-18,32.8,19.3,26.05,0.0
1629,2019-6-19,31.9,20.3,26.1,0.0
1630,2019-6-20,29.9,19.6,24.75,0.0
1631,2019-6-21,30.7,19.3,25.0,0.0
1632,2019-6-22,30.8,19.9,25.35,31.0
1633,2019-6-23,26.4,17.9,22.15,0.9
1634,2019-6-24,29.9,20.7,25.3,0.0
1635,2019-6-25,33.0,22.1,27.55,0.0
1636,2019-6-26,36.3,23.1,29.7,0.0
1637,2019-6-27,36.2,23.3,29.75,0.0
1638,2019-6-28,28.8,21.2,25.0,0.0
1639,2019-6-29,29.5,19.0,24.25,0.0
1640,2019-6-30,33.0,18.9,25.95,0.0
1641,2019-7-1,37.4,20.8,29.1,0.0
1642,2019-7-2,33.4,23.1,28.25,0.0
1643,2019-7-3,30.4,21.6,26.0,0.0
1644,2019-7-4,29.4,19.8,24.6,0.0
1645,2019-7-5,31.2,17.6,24.4,0.0
1646,2019-7-6,32.9,18.2,25.55,3.6
1647,2019-7-7,31.0,21.4,26.2,0.0
1648,2019-7-8,25.4,17.8,21.6,0.0
1649,2019-7-9,25.4,17.2,21.3,0.0
1650,2019-7-10,24.3,16.1,20.2,0.0
1651,2019-7-11,26.8,14.4,20.6,0.0
1652,2019-7-12,21.2,14.5,17.85,3.1
1653,2019-7-13,23.9,15.3,19.6,0.5
1654,2019-7-14,25.1,15.5,20.3,3.6
1655,2019-7-15,27.3,13.9,20.6,0.0
1656,2019-7-16,26.6,16.9,21.75,0.0
1657,2019-7-17,27.4,16.8,22.1,0.0
1658,2019-7-18,26.5,18.1,22.3,0.0
1659,2019-7-19,29.6,16.8,23.2,0.0
1660,2019-7-20,32.9,19.0,25.95,0.0
1661,2019-7-21,34.3,20.7,27.5,0.0
1662,2019-7-22,31.9,21.5,26.7,0.0
1663,2019-7-23,31.6,22.5,27.05,0.0
1664,2019-7-24,30.9,19.9,25.4,0.0
1665,2019-7-25,33.4,19.6,26.5,0.0
1666,2019-7-26,34.3,20.8,27.55,2.0
1667,2019-7-27,25.8,20.2,23.0,17.8
1668,2019-7-28,28.8,17.9,23.35,17.5
1669,2019-7-29,28.2,19.4,23.8,0.5
1670,2019-7-30,32.6,20.4,26.5,0.0
1671,2019-7-31,33.8,22.9,28.35,0.0
1672,2019-8-1,31.0,20.8,25.9,0.0
1673,2019-8-2,29.4,18.5,23.95,4.5
1674,2019-8-3,26.9,17.9,22.4,0.0
1675,2019-8-4,27.4,16.7,22.05,0.0
1676,2019-8-5,30.3,16.3,23.3,0.3
1677,2019-8-6,31.6,20.5,26.05,0.0
1678,2019-8-7,32.0,20.5,26.25,0.0
1679,2019-8-8,29.6,20.8,25.2,0.0
1680,2019-8-9,32.9,18.2,25.55,0.0
1681,2019-8-10,35.2,21.3,28.25,0.0
1682,2019-8-11,34.6,21.9,28.25,0.0
1683,2019-8-12,36.6,22.1,29.35,0.0
1684,2019-8-13,33.7,21.8,27.75,9.0
1685,2019-8-14,23.8,15.6,19.7,1.3
1686,2019-8-15,26.9,12.4,19.65,0.0
1687,2019-8-16,26.3,15.1,20.7,0.0
1688,2019-8-17,28.0,16.4,22.2,0.0
1689,2019-8-18,31.9,18.6,25.25,0.0
1690,2019-8-19,34.6,19.5,27.05,0.0
1691,2019-8-20,36.0,21.8,28.9,0.0
1692,2019-8-21,29.3,21.6,25.45,0.0
1693,2019-8-22,30.2,18.3,24.25,0.0
1694,2019-8-23,30.8,20.9,25.85,0.0
1695,2019-8-24,33.6,20.7,27.15,0.0
1696,2019-8-25,32.9,23.1,28.0,0.3
1697,2019-8-26,29.9,22.1,26.0,4.0
1698,2019-8-27,31.2,21.4,26.3,0.0
1699,2019-8-28,34.9,22.8,28.85,0.0
1700,2019-8-29,35.4,22.1,28.75,0.0
1701,2019-8-30,35.0,20.8,27.9,0.0
1702,2019-8-31,35.4,23.2,29.3,0.0
1703,2019-9-1,34.6,22.0,28.3,3.2
1704,2019-9-2,32.3,20.6,26.45,1.4
1705,2019-9-3,22.1,14.1,18.1,1.8
1706,2019-9-4,26.6,12.9,19.75,0.0
1707,2019-9-5,28.1,13.3,20.7,0.0
1708,2019-9-6,28.1,15.9,22.0,0.2
1709,2019-9-7,23.8,16.7,20.25,12.9
1710,2019-9-8,23.0,16.1,19.55,5.8
1711,2019-9-9,20.6,15.3,17.95,7.3
1712,2019-9-10,24.3,10.9,17.6,0.0
1713,2019-9-11,27.4,11.5,19.45,0.0
1714,2019-9-12,27.4,14.8,21.1,0.0
1715,2019-9-13,25.9,15.0,20.45,0.0
1716,2019-9-14,26.9,18.0,22.45,0.0
1717,2019-9-15,25.1,11.4,18.25,0.0
1718,2019-9-16,29.2,13.8,21.5,0.1
1719,2019-9-17,23.8,19.3,21.55,0.0
1720,2019-9-18,19.2,12.4,15.8,0.0
1721,2019-9-19,18.8,7.5,13.15,0.0
1722,2019-9-20,19.4,8.7,14.05,0.0
1723,2019-9-21,20.9,7.8,14.35,0.0
1724,2019-9-22,23.3,7.9,15.6,0.0
1725,2019-9-23,18.1,14.6,16.35,0.0
1726,2019-9-24,23.1,14.6,18.85,0.0
1727,2019-9-25,22.7,14.3,18.5,0.0
1728,2019-9-26,23.2,15.6,19.4,0.0
1729,2019-9-27,24.7,11.3,18.0,0.0
1730,2019-9-28,24.3,14.8,19.55,0.0
1731,2019-9-29,23.7,14.4,19.05,0.0
1732,2019-9-30,26.9,13.9,20.4,0.0
1733,2019-10-1,24.3,11.8,18.05,0.0
1734,2019-10-2,25.2,13.6,19.4,2.1
1735,2019-10-3,15.7,10.1,12.9,0.0
1736,2019-10-4,17.3,7.9,12.6,0.0
1737,2019-10-5,13.4,9.4,11.4,3.1
1738,2019-10-6,15.1,8.3,11.7,0.0
1739,2019-10-7,13.8,7.2,10.5,0.0
1740,2019-10-8,15.7,3.2,9.45,0.0
1741,2019-10-9,21.3,7.9,14.6,0.0
1742,2019-10-10,18.3,11.8,15.05,0.0
1743,2019-10-11,19.9,8.8,14.35,0.0
1744,2019-10-12,22.0,7.9,14.95,0.0
1745,2019-10-13,23.0,10.3,16.65,0.0
1746,2019-10-14,24.7,12.9,18.8,0.0
1747,2019-10-15,25.2,13.6,19.4,0.0
1748,2019-10-16,20.9,10.9,15.9,0.0
1749,2019-10-17,22.5,8.9,15.7,0.0
1750,2019-10-18,22.3,10.9,16.6,0.0
1751,2019-10-19,23.3,9.8,16.55,0.0
1752,2019-10-20,25.1,11.0,18.05,0.0
1753,2019-10-21,25.9,12.8,19.35,0.0
1754,2019-10-22,25.4,13.4,19.4,0.0
1755,2019-10-23,26.1,13.0,19.55,0.0
1756,2019-10-24,24.2,12.9,18.55,0.0
1757,2019-10-25,24.6,10.6,17.6,0.0
1758,2019-10-26,21.1,9.1,15.1,0.0
1759,2019-10-27,21.6,8.8,15.2,0.0
